"Field.Season","Site","Quadrat","AcCor","AcDig","AcroTab","Monta","Lepta","Sinu","Clad","Lobph","Sarco","Unc","SHAD"
"KI2015a","site15","Q0.2.jpg",0,0,0,0,0,0,0,0,0,0,2
"KI2015a","site15","Q11.6.jpg",0,0,0,0,0,0,0,0,0,0,0
"KI2015a","site15","Q13.1.jpg",0,0,0,0,0,0,0,0,0,0,0
"KI2015a","site15","Q14.4.jpg",0,0,0,0,0,0,0,0,0,0,0
"KI2015a","site15","Q15.8.jpg",0,0,0,0,0,0,0,0,0,0,5
"KI2015a","site15","Q19.1.jpg",0,0,0,0,0,0,0,0,0,0,2
"KI2015a","site15","Q21.4.jpg",0,0,0,0,0,0,0,0,0,0,2
"KI2015a","site15","Q2.2.jpg",0,0,0,0,0,0,0,0,0,0,1
"KI2015a","site15","Q24.6.jpg",0,0,0,0,0,0,0,0,0,1,1
"KI2015a","site15","Q24.8.jpg",0,0,0,0,0,0,0,0,0,0,4
"KI2015a","site15","Q35.2.jpg",0,0,0,0,0,0,0,0,0,1,3
"KI2015a","site15","Q36.9.jpg",0,0,0,0,0,0,0,0,0,0,0
"KI2015a","site15","Q38.9.jpg",0,0,0,0,0,0,0,0,0,0,0
"KI2015a","site15","Q42.2.jpg",0,0,0,0,0,0,0,0,0,0,0
"KI2015a","site15","Q42.6.jpg",0,0,0,0,0,0,0,0,0,1,4
"KI2015a","site15","Q4.3.jpg",0,0,0,0,0,0,0,0,0,1,3
"KI2015a","site15","Q44.7.jpg",0,0,0,0,0,0,0,0,0,0,0
"KI2015a","site15","Q46.6.jpg",0,0,0,0,0,0,0,0,0,0,3
"KI2015a","site15","Q47.3.jpg",0,0,0,0,0,0,0,0,0,0,0
"KI2015a","site15","Q49.9.jpg",0,0,0,0,0,0,0,0,0,0,0
"KI2015a","site15","Q4.9.jpg",0,0,0,0,0,0,0,0,0,0,0
"KI2015a","site15","Q50.3.jpg",0,0,0,0,0,0,0,0,0,0,0
"KI2015a","site15","Q54.6.jpg",0,0,0,0,0,0,0,0,0,1,0
"KI2015a","site15","Q55.8.jpg",0,0,0,0,0,0,0,0,0,0,1
"KI2015a","site15","Q56.5.jpg",0,0,0,0,0,0,0,0,0,0,2
"KI2015a","site15","Q58.3.jpg",0,0,0,0,0,0,0,0,0,0,1
"KI2015a","site15","Q7.3.jpg",0,0,0,0,0,0,0,0,0,0,1
"KI2015a","site15","Q7.9.jpg",0,0,0,0,0,0,0,0,0,0,0
"KI2015a","site15","Q8.9.jpg",0,0,0,0,0,0,0,0,0,0,4
"KI2015a","site27","Q11.6.2.jpg",0,0,0,0,0,0,0,0,0,0,0
"KI2015a","site27","Q11.6.jpg",0,0,0,0,0,0,0,0,0,0,0
"KI2015a","site27","Q13.1.2.jpg",0,0,0,0,0,0,0,0,0,0,0
"KI2015a","site27","Q13.1.jpg",0,0,0,0,0,0,0,0,0,0,0
"KI2015a","site27","Q14.5.2.jpg",0,0,0,0,0,0,0,0,0,0,1
"KI2015a","site27","Q14.5.jpg",0,0,0,0,0,0,0,0,0,0,0
"KI2015a","site27","Q15.8.2.jpg",0,0,0,0,0,0,0,0,0,0,0
"KI2015a","site27","Q15.8.jpg",0,0,0,0,0,0,0,0,0,0,0
"KI2015a","site27","Q17.4.2.jpg",0,0,0,0,0,0,0,0,0,0,0
"KI2015a","site27","Q17.4.jpg",0,0,0,0,0,0,0,0,0,0,0
"KI2015a","site27","Q19.1.2.jpg",0,0,0,0,0,0,0,0,0,0,0
"KI2015a","site27","Q19.1.jpg",0,0,0,0,0,0,0,0,0,0,0
"KI2015a","site27","Q21.3.2.jpg",0,0,0,0,0,0,0,0,0,0,0
"KI2015a","site27","Q21.3.jpg",0,0,0,0,0,0,0,0,0,0,0
"KI2015a","site27","Q2.2.2.jpg",0,0,0,0,0,0,0,0,0,0,0
"KI2015a","site27","Q2.2.jpg",0,0,0,0,0,0,0,0,0,0,0
"KI2015a","site27","Q24.6.1.jpg",0,0,0,0,0,0,0,0,0,0,0
"KI2015a","site27","Q24.6.2.jpg",0,0,0,0,0,0,0,0,0,1,0
"KI2015a","site27","Q24.8.2.jpg",0,0,0,0,0,0,0,0,0,0,0
"KI2015a","site27","Q24.8.jpg",0,0,0,0,0,0,0,0,0,0,0
"KI2015a","site27","Q4.3.2.jpg",0,0,0,0,0,0,0,0,0,0,1
"KI2015a","site27","Q4.3.jpg",0,0,0,0,0,0,0,0,0,0,0
"KI2015a","site27","Q4.8.2.jpg",0,0,0,0,0,0,0,0,0,1,0
"KI2015a","site27","Q4.8.jpg",0,0,0,0,0,0,0,0,0,0,0
"KI2015a","site27","Q7.3.2.jpg",0,0,0,0,0,0,0,0,0,0,0
"KI2015a","site27","Q7.3.jpg",0,0,0,0,0,0,0,0,0,0,1
"KI2015a","site27","Q7.9.2.jpg",0,0,0,0,0,0,0,0,0,0,0
"KI2015a","site27","Q7.9.jpg",0,0,0,0,0,0,0,0,0,0,1
"KI2015a","site27","Q8.9.2.jpg",0,0,0,0,0,0,0,0,0,0,0
"KI2015a","site27","Q8.9.jpg",0,0,0,0,0,0,0,0,0,0,1
"KI2015a","site30","Q11.6.jpg",0,0,0,0,0,0,0,0,0,0,0
"KI2015a","site30","Q13.1.jpg",0,0,0,0,0,0,0,0,0,1,0
"KI2015a","site30","Q14.5.jpg",0,0,0,0,0,0,0,0,0,0,0
"KI2015a","site30","Q15.8.jpg",0,0,0,0,0,0,0,0,0,0,0
"KI2015a","site30","Q17.4.jpg",0,0,0,0,0,0,0,0,0,1,0
"KI2015a","site30","Q19.1.jpg",0,0,0,0,0,0,0,0,0,1,1
"KI2015a","site30","Q21.3.jpg",0,0,0,0,0,0,0,0,0,0,1
"KI2015a","site30","Q2.2.jpg",0,0,0,0,0,0,0,0,0,0,0
"KI2015a","site30","Q24.6.jpg",0,0,0,0,0,0,0,0,0,0,0
"KI2015a","site30","Q24.8.jpg",0,0,0,0,0,0,0,0,0,0,1
"KI2015a","site30","Q35.2.jpg",0,0,0,0,0,0,0,0,0,1,0
"KI2015a","site30","Q36.8.jpg",0,0,0,0,0,0,0,0,0,1,0
"KI2015a","site30","Q38.8.jpg",0,0,0,0,0,0,0,0,18,0,1
"KI2015a","site30","Q42.2.jpg",0,0,0,0,0,0,0,0,0,0,0
"KI2015a","site30","Q42.5.jpg",0,0,0,0,0,0,0,0,0,0,1
"KI2015a","site30","Q4.3.jpg",0,0,0,0,0,0,0,0,0,0,0
"KI2015a","site30","Q44.6.jpg",0,0,0,0,0,0,0,0,0,1,0
"KI2015a","site30","Q46.6.jpg",0,0,0,0,0,0,0,0,0,0,0
"KI2015a","site30","Q47.2.jpg",0,0,0,0,0,0,0,0,0,0,0
"KI2015a","site30","Q4.8.jpg",0,0,0,0,0,0,0,0,0,1,0
"KI2015a","site30","Q49.9.jpg",0,0,0,0,0,0,0,0,0,0,0
"KI2015a","site30","Q50.3.jpg",0,0,0,0,0,0,0,0,0,0,0
"KI2015a","site30","Q52.2.jpg",0,0,0,0,0,0,0,0,0,0,1
"KI2015a","site30","Q54.6.jpg",0,0,0,0,0,0,0,0,0,0,2
"KI2015a","site30","Q55.8.jpg",0,0,0,0,0,0,0,0,0,0,1
"KI2015a","site30","Q56.4.jpg",0,0,0,0,0,0,0,0,0,0,1
"KI2015a","site30","Q58.2.jpg",0,0,0,0,0,0,0,0,0,1,0
"KI2015a","site30","Q7.3.jpg",0,0,0,0,0,0,0,0,3,0,0
"KI2015a","site30","Q7.9.jpg",0,0,0,0,0,0,0,0,0,1,0
"KI2015a","site30","Q8.9.jpg",0,0,0,0,0,0,0,0,0,0,0
"KI2015a","site35","Q11.6.jpg",0,0,0,0,0,0,0,0,0,0,0
"KI2015a","site35","Q13.1.jpg",0,0,0,0,0,0,0,0,0,0,0
"KI2015a","site35","Q14.5.jpg",0,0,0,0,0,0,0,0,0,0,0
"KI2015a","site35","Q15.8.jpg",0,0,0,0,0,0,0,0,0,0,0
"KI2015a","site35","Q17.4.jpg",0,0,0,0,0,0,0,0,0,0,1
"KI2015a","site35","Q19.1.jpg",0,0,0,0,0,0,0,0,0,0,0
"KI2015a","site35","Q21.3.jpg",0,0,0,0,0,0,0,0,0,1,1
"KI2015a","site35","Q2.2.jpg",0,0,0,0,0,0,0,0,0,1,1
"KI2015a","site35","Q24.6.jpg",0,0,0,0,0,0,0,0,0,0,1
"KI2015a","site35","Q24.8.jpg",0,0,0,0,0,0,0,0,0,0,0
"KI2015a","site35","Q35.2.jpg",0,0,0,0,0,0,0,0,0,0,0
"KI2015a","site35","Q36.8.jpg",0,0,0,0,0,0,0,0,0,1,0
"KI2015a","site35","Q38.8.jpg",0,0,0,0,0,0,0,0,0,0,1
"KI2015a","site35","Q42.2.jpg",0,0,0,0,0,0,0,0,0,0,0
"KI2015a","site35","Q42.5.jpg",0,0,0,0,0,0,0,0,0,1,0
"KI2015a","site35","Q4.3.jpg",0,0,0,0,0,0,0,0,55,0,0
"KI2015a","site35","Q44.7.jpg",0,0,0,0,0,0,0,0,0,0,0
"KI2015a","site35","Q46.7.jpg",0,0,0,0,0,0,0,0,0,0,0
"KI2015a","site35","Q47.2.jpg",0,0,0,0,0,15,0,0,0,0,0
"KI2015a","site35","Q4.8.jpg",0,0,0,0,0,0,0,0,0,3,0
"KI2015a","site35","Q49.9.jpg",0,0,0,0,0,0,0,0,0,1,0
"KI2015a","site35","Q50.3.jpg",0,0,0,0,0,0,0,0,0,0,0
"KI2015a","site35","Q52.2.jpg",0,0,0,0,0,0,0,0,0,0,0
"KI2015a","site35","Q54.6.jpg",0,0,0,0,0,0,0,0,0,1,1
"KI2015a","site35","Q55.8.jpg",0,0,0,0,0,0,0,0,0,0,0
"KI2015a","site35","Q56.4.jpg",0,0,0,0,0,0,0,0,0,0,0
"KI2015a","site35","Q58.2.jpg",0,0,0,0,0,0,0,0,25,0,0
"KI2015a","site35","Q7.3.jpg",0,0,0,0,0,3,0,0,0,1,0
"KI2015a","site35","Q7.9.jpg",0,0,0,0,0,0,0,0,0,0,0
"KI2015a","site35","Q8.9.jpg",0,0,0,0,0,0,0,0,0,1,2
"KI2015a","site8","Q11.5.jpg",0,0,0,0,0,0,0,0,0,0,0
"KI2015a","site8","Q13.0.jpg",0,0,0,0,0,0,0,0,0,1,0
"KI2015a","site8","Q14.5.jpg",0,0,0,0,0,0,0,0,0,0,0
"KI2015a","site8","Q15.3.jpg",0,0,0,0,0,0,0,0,0,0,0
"KI2015a","site8","Q15.8.jpg",0,0,0,0,0,0,0,0,0,0,0
"KI2015a","site8","Q19.1.jpg",0,0,0,0,0,0,0,0,0,0,0
"KI2015a","site8","Q21.3.jpg",0,0,0,0,0,0,0,0,0,0,0
"KI2015a","site8","Q2.25.jpg",0,0,0,0,0,0,0,0,1,2,0
"KI2015a","site8","Q24.6.jpg",0,0,0,0,0,0,0,0,0,1,0
"KI2015a","site8","Q24.8.jpg",0,0,0,0,0,0,0,0,0,0,0
"KI2015a","site8","Q35.2.jpg",0,0,0,0,0,0,0,0,0,0,0
"KI2015a","site8","Q36.8.jpg",0,0,0,0,0,0,0,0,0,0,0
"KI2015a","site8","Q38.8.jpg",0,0,0,0,0,0,0,0,0,2,0
"KI2015a","site8","Q42.2.jpg",0,0,0,0,0,0,0,0,0,0,0
"KI2015a","site8","Q42.5.jpg",0,0,0,0,0,0,0,0,0,0,0
"KI2015a","site8","Q4.3.jpg",0,0,0,0,0,0,0,0,0,3,0
"KI2015a","site8","Q44.7.jpg",0,0,0,0,0,0,0,0,0,0,2
"KI2015a","site8","Q46.6.jpg",0,0,0,0,0,0,0,0,0,1,0
"KI2015a","site8","Q47.2.jpg",0,0,0,0,0,0,0,0,0,1,1
"KI2015a","site8","Q4.8.jpg",0,0,0,0,0,0,0,0,0,0,2
"KI2015a","site8","Q49.9.jpg",0,0,0,0,0,0,0,0,0,0,0
"KI2015a","site8","Q50.3.jpg",0,0,0,0,0,0,0,0,0,0,0
"KI2015a","site8","Q52.2.jpg",0,0,0,0,0,0,0,0,0,0,0
"KI2015a","site8","Q54.6.jpg",0,0,0,0,0,0,0,0,0,0,1
"KI2015a","site8","Q55.8.jpg",0,0,0,0,0,0,0,0,0,0,0
"KI2015a","site8","Q56.4.jpg",0,0,0,0,0,0,0,0,0,0,0
"KI2015a","site8","Q58.2.jpg",0,0,0,0,0,0,0,0,0,0,0
"KI2015a","site8","Q7.3.jpg",0,0,0,0,0,0,0,0,0,0,0
"KI2015a","site8","Q7.8.jpg",0,0,0,0,0,0,0,0,0,0,0
"KI2015a","site8","Q8.9.jpg",0,0,0,0,0,0,0,0,0,0,1
"KI2016a","site12","Q0.2.jpg",0,0,0,0,0,0,0,0,0,0,0
"KI2016a","site12","Q10.7.jpg",0,0,0,0,0,0,0,0,0,0,0
"KI2016a","site12","Q1.2.jpg",0,0,0,0,0,0,0,0,0,0,0
"KI2016a","site12","Q16.2.jpg",0,0,0,0,0,0,0,0,0,1,1
"KI2016a","site12","Q16.7.jpg",0,0,0,0,0,0,0,0,0,0,1
"KI2016a","site12","Q19.3.jpg",0,0,0,0,0,0,0,0,0,1,0
"KI2016a","site12","Q20.9.jpg",0,0,0,0,0,0,0,0,0,0,0
"KI2016a","site12","Q21.3.jpg",0,0,0,0,0,0,0,0,0,0,0
"KI2016a","site12","Q24.4.jpg",0,0,0,0,0,0,0,0,0,0,0
"KI2016a","site12","Q3.3.jpg",0,0,0,0,0,0,0,0,0,0,0
"KI2016a","site12","Q35.2.jpg",0,0,0,0,0,0,0,0,0,0,0
"KI2016a","site12","Q37.0.jpg",0,0,0,0,0,0,0,0,0,0,0
"KI2016a","site12","Q37.6.jpg",0,0,0,0,0,0,0,0,0,0,0
"KI2016a","site12","Q38.0.jpg",0,0,0,0,0,0,0,0,0,0,0
"KI2016a","site12","Q39.5.jpg",0,0,0,0,0,0,0,0,0,0,0
"KI2016a","site12","Q43.2.jpg",0,0,0,0,0,0,0,0,0,0,5
"KI2016a","site12","Q44.2.jpg",0,0,0,0,0,0,0,0,0,0,2
"KI2016a","site12","Q6.0.jpg",0,0,0,0,0,0,0,0,0,0,3
"KI2016a","site12","Q6.1.jpg",0,0,0,0,0,0,0,0,0,1,0
"KI2016a","site12","Q8.6.jpg",0,0,0,0,0,0,0,0,0,0,0
"KI2016a","site12","Q9.7.jpg",0,0,0,0,0,0,0,0,0,0,0
"KI2016a","site12","Q9.9.jpg",0,0,0,0,0,0,0,0,0,0,0
"KI2016a","site14","Q0.2.jpg",0,0,0,0,0,0,0,0,0,0,0
"KI2016a","site14","Q10.7.jpg",0,0,0,0,0,0,0,0,0,0,0
"KI2016a","site14","Q1.2.jpg",0,0,0,0,0,0,0,0,0,0,0
"KI2016a","site14","Q16.2.jpg",0,0,0,0,0,0,0,0,0,0,0
"KI2016a","site14","Q16.7.jpg",0,0,0,0,0,0,0,0,0,0,0
"KI2016a","site14","Q21.3.jpg",0,0,0,0,0,0,0,0,0,0,0
"KI2016a","site14","Q24.4.jpg",0,0,0,0,0,0,0,0,0,0,0
"KI2016a","site14","Q3.3.jpg",0,0,0,0,0,0,0,0,0,0,0
"KI2016a","site14","Q35.2.jpg",0,0,0,0,0,0,0,0,0,0,0
"KI2016a","site14","Q37.0.jpg",0,0,0,0,0,0,0,0,0,0,0
"KI2016a","site14","Q37.6.jpg",0,0,0,0,0,0,0,0,0,0,0
"KI2016a","site14","Q6.0.jpg",0,0,0,0,0,0,0,0,0,0,0
"KI2016a","site14","Q6.1.jpg",0,0,0,0,0,0,0,0,0,0,0
"KI2016a","site14","Q8.6.jpg",0,0,0,0,0,0,0,0,0,0,0
"KI2016a","site14","Q9.7.jpg",0,0,0,0,0,0,0,0,0,0,0
"KI2016a","site14","Q9.9.jpg",0,0,0,0,0,0,0,0,0,0,0
"KI2016a","site15","Q10.7.jpg",0,0,0,0,0,0,0,0,0,0,8
"KI2016a","site15","Q1.2.jpg",0,0,0,0,0,0,0,0,0,0,2
"KI2016a","site15","Q16.2.jpg",0,0,0,0,0,0,0,0,0,0,0
"KI2016a","site15","Q16.5.jpg",0,0,0,0,0,0,0,0,0,1,0
"KI2016a","site15","Q19.3.jpg",0,0,0,0,0,0,0,0,0,0,5
"KI2016a","site15","Q20.9.jpg",0,0,0,0,0,0,0,0,0,0,0
"KI2016a","site15","Q21.3.jpg",0,0,0,0,0,0,0,0,0,1,5
"KI2016a","site15","Q24.4.jpg",0,0,0,0,0,0,0,0,0,0,0
"KI2016a","site15","Q3.3.jpg",0,0,0,0,0,0,0,0,0,1,3
"KI2016a","site15","Q35.2.jpg",0,0,0,0,0,0,0,0,0,0,1
"KI2016a","site15","Q37.0.jpg",0,0,0,0,0,0,0,0,0,0,0
"KI2016a","site15","Q37.5.jpg",0,0,0,0,0,0,0,0,0,1,1
"KI2016a","site15","Q37.8.jpg",0,0,0,0,0,0,0,0,0,0,0
"KI2016a","site15","Q39.5.jpg",0,0,0,0,0,0,0,0,0,0,0
"KI2016a","site15","Q43.2.jpg",0,0,0,0,0,0,0,0,0,1,0
"KI2016a","site15","Q44.2.jpg",0,0,0,0,0,0,0,0,0,0,1
"KI2016a","site15","Q47.8.jpg",0,0,0,0,0,0,0,0,0,0,3
"KI2016a","site15","Q49.0.jpg",0,0,0,0,0,0,0,0,0,0,0
"KI2016a","site15","Q50.8.jpg",0,0,0,0,0,0,0,0,0,0,0
"KI2016a","site15","Q54.0.jpg",0,0,0,0,0,0,0,0,0,0,2
"KI2016a","site15","Q56.5.jpg",0,0,0,0,0,0,0,0,0,0,0
"KI2016a","site15","Q57.0.jpg",0,0,0,0,0,0,0,0,0,0,0
"KI2016a","site15","Q58.3.jpg",0,0,0,0,0,0,0,0,0,0,3
"KI2016a","site15","Q58.6.jpg",0,0,0,0,0,0,0,0,0,0,2
"KI2016a","site15","Q6.0.jpg",0,0,0,0,0,0,0,0,0,0,1
"KI2016a","site15","Q6.1.jpg",0,0,0,0,0,0,0,0,0,1,0
"KI2016a","site15","Q8.9.jpg",0,0,0,0,0,0,0,0,0,0,0
"KI2016a","site15","Q9.7.jpg",0,0,0,0,0,0,0,0,0,0,0
"KI2016a","site15","Q9.9.jpg",0,0,0,0,0,0,0,0,0,0,0
"KI2016a","site27","Q0.2-2.jpg",0,0,0,0,0,0,0,0,0,0,0
"KI2016a","site27","Q0.2.jpg",0,0,0,0,0,0,0,0,0,0,0
"KI2016a","site27","Q10.7-2.jpg",0,0,0,0,0,0,0,0,0,0,0
"KI2016a","site27","Q10.7.jpg",0,0,0,0,0,0,0,0,0,0,0
"KI2016a","site27","Q1.2-2.jpg",0,0,0,0,0,0,0,0,0,0,0
"KI2016a","site27","Q1.2.jpg",0,0,0,0,0,0,0,0,0,0,0
"KI2016a","site27","Q16.2-2.jpg",0,0,0,0,0,0,0,0,0,0,0
"KI2016a","site27","Q16.2.jpg",0,0,0,0,0,0,0,0,0,0,0
"KI2016a","site27","Q16.7-2.jpg",0,0,0,0,0,0,0,0,0,0,0
"KI2016a","site27","Q16.8.jpg",0,0,0,0,0,0,0,0,0,0,0
"KI2016a","site27","Q19.3-2.jpg",0,0,0,0,0,0,0,0,0,0,0
"KI2016a","site27","Q19.3.jpg",0,0,0,0,0,0,0,0,0,0,0
"KI2016a","site27","Q20.9-2.jpg",0,0,0,0,0,0,0,0,0,0,0
"KI2016a","site27","Q20.9.jpg",0,0,0,0,0,0,0,0,0,0,0
"KI2016a","site27","Q21.3-2.jpg",0,0,0,0,0,0,0,0,0,0,0
"KI2016a","site27","Q21.3.jpg",0,0,0,0,0,0,0,0,0,1,0
"KI2016a","site27","Q24.4-2.jpg",0,0,0,0,0,0,0,0,0,0,0
"KI2016a","site27","Q24.4.jpg",0,0,0,0,0,0,0,0,0,0,0
"KI2016a","site27","Q3.3-2.jpg",0,0,0,0,0,0,0,0,0,0,0
"KI2016a","site27","Q3.3.jpg",0,0,0,0,0,0,0,0,0,0,0
"KI2016a","site27","Q6.0-2.jpg",0,0,0,0,0,0,0,0,0,0,0
"KI2016a","site27","Q6.0.jpg",0,0,0,0,0,0,0,0,0,0,0
"KI2016a","site27","Q6.1-2.jpg",0,0,0,0,0,0,0,0,0,0,0
"KI2016a","site27","Q6.1.jpg",0,0,0,0,0,0,0,0,0,0,0
"KI2016a","site27","Q8.6-2.jpg",0,0,0,0,0,0,0,0,0,0,0
"KI2016a","site27","Q8.6.jpg",0,0,0,0,0,0,0,0,0,0,0
"KI2016a","site27","Q9.7-2.jpg",0,0,0,0,0,0,0,0,0,0,0
"KI2016a","site27","Q9.7.jpg",0,0,0,0,0,0,0,0,0,0,0
"KI2016a","site27","Q9.9-2.jpg",0,0,0,0,0,0,0,0,0,0,0
"KI2016a","site27","Q9.9.jpg",0,0,0,0,0,0,0,0,0,0,0
"KI2016a","site30DEEP","Q10.0.jpg",0,0,0,0,0,0,0,0,0,0,0
"KI2016a","site30DEEP","Q10.7.jpg",0,0,0,0,0,0,0,0,0,0,0
"KI2016a","site30DEEP","Q1.2.jpg",0,0,0,0,0,0,0,0,0,0,0
"KI2016a","site30DEEP","Q16.2.jpg",0,0,0,0,0,0,0,0,0,0,0
"KI2016a","site30DEEP","Q16.7.jpg",0,0,0,0,0,0,0,0,0,0,0
"KI2016a","site30DEEP","Q19.3.jpg",0,0,0,0,0,0,0,0,0,0,0
"KI2016a","site30DEEP","Q20.9.jpg",0,0,0,0,0,0,0,0,0,0,0
"KI2016a","site30DEEP","Q21.3.jpg",0,0,0,0,0,0,0,0,0,0,0
"KI2016a","site30DEEP","Q24.4.jpg",0,0,0,0,0,0,0,0,0,0,0
"KI2016a","site30DEEP","Q30.0.jpg",0,0,0,0,0,0,0,0,0,0,0
"KI2016a","site30DEEP","Q3.2.jpg",0,0,0,0,0,0,0,0,0,0,0
"KI2016a","site30DEEP","Q35.2.jpg",0,0,0,0,0,0,0,0,0,0,0
"KI2016a","site30DEEP","Q37.0.jpg",0,0,0,0,0,0,0,0,0,0,0
"KI2016a","site30DEEP","Q37.6.jpg",0,0,0,0,0,0,0,0,0,0,0
"KI2016a","site30DEEP","Q5.9.jpg",0,0,0,0,0,0,0,0,0,0,0
"KI2016a","site30DEEP","Q6.1.jpg",0,0,0,0,0,0,0,0,0,0,0
"KI2016a","site30DEEP","Q8.6.jpg",0,0,0,0,0,0,0,0,0,0,0
"KI2016a","site30DEEP","Q9.7.jpg",0,0,0,0,0,0,0,0,0,0,0
"KI2016a","site30","Q0.2.jpg",0,0,0,0,0,0,0,0,0,0,0
"KI2016a","site30","Q12.6.jpg",0,0,0,0,0,0,0,0,0,0,0
"KI2016a","site30","Q1.2.jpg",0,0,0,0,0,0,0,0,0,1,0
"KI2016a","site30","Q14.6.jpg",0,0,0,0,0,0,0,0,0,1,0
"KI2016a","site30","Q16.2.jpg",0,0,0,0,0,0,0,0,0,1,0
"KI2016a","site30","Q17.0.jpg",0,0,0,0,0,0,0,0,0,1,0
"KI2016a","site30","Q19.3.jpg",0,0,0,0,0,0,0,0,0,0,0
"KI2016a","site30","Q22.2.jpg",0,0,0,0,0,0,0,0,0,2,1
"KI2016a","site30","Q22.9.jpg",0,0,0,0,0,0,0,0,0,0,2
"KI2016a","site30","Q23.9.jpg",0,0,0,0,0,0,0,0,0,0,0
"KI2016a","site30","Q3.3.jpg",0,0,0,0,0,0,0,0,0,0,0
"KI2016a","site30","Q35.0.jpg",0,0,0,0,0,0,0,0,0,0,0
"KI2016a","site30","Q35.3.jpg",0,0,0,0,0,0,0,0,0,0,0
"KI2016a","site30","Q36.7.jpg",0,0,0,0,0,0,0,0,0,1,0
"KI2016a","site30","Q37.4.jpg",0,0,0,0,0,0,0,0,0,0,1
"KI2016a","site30","Q39.9.jpg",0,0,0,0,0,0,0,0,0,0,1
"KI2016a","site30","Q39.jpg",0,0,0,0,0,0,0,0,0,1,0
"KI2016a","site30","Q42.0.jpg",0,0,0,0,0,0,0,0,0,0,0
"KI2016a","site30","Q42.6.jpg",0,0,0,0,0,0,0,0,0,0,0
"KI2016a","site30","Q4.2.jpg",0,0,0,0,0,0,0,0,0,0,0
"KI2016a","site30","Q45.2.jpg",0,0,0,0,0,0,0,0,0,0,0
"KI2016a","site30","Q45.7.jpg",0,0,0,0,0,0,0,0,0,0,0
"KI2016a","site30","Q47.9.jpg",0,0,0,0,0,0,0,0,0,0,0
"KI2016a","site30","Q54.4.jpg",0,0,0,0,0,0,0,0,0,2,0
"KI2016a","site30","Q56.1.jpg",0,0,0,0,0,0,0,0,0,0,0
"KI2016a","site30","Q56.6.jpg",0,0,0,0,0,0,0,0,0,0,0
"KI2016a","site30","Q5.6.jpg",0,0,0,0,0,0,0,0,0,0,0
"KI2016a","site30","Q58.6.jpg",0,0,0,0,0,0,0,0,0,1,0
"KI2016a","site30","Q7.1.jpg",0,0,0,0,0,0,0,0,0,1,2
"KI2016a","site30","Q9.7.jpg",0,0,0,0,0,0,0,0,0,0,0
"KI2016a","site32","Q0.2.jpg",0,0,0,0,0,0,0,0,0,0,0
"KI2016a","site32","Q10.7.jpg",0,0,0,0,0,0,0,0,0,0,0
"KI2016a","site32","Q1.2.jpg",0,0,0,0,0,0,0,0,0,0,0
"KI2016a","site32","Q16.2.jpg",0,0,0,0,0,0,0,0,0,0,0
"KI2016a","site32","Q16.7.jpg",0,0,0,0,0,0,0,0,0,0,0
"KI2016a","site32","Q19.3.jpg",0,0,0,0,0,0,0,0,0,0,0
"KI2016a","site32","Q20.9.jpg",0,0,0,0,0,0,0,0,0,0,0
"KI2016a","site32","Q21.3.jpg",0,0,0,0,0,0,0,0,0,0,0
"KI2016a","site32","Q24.4.jpg",0,0,0,0,0,0,0,0,0,0,0
"KI2016a","site32","Q28.0.jpg",0,0,0,0,0,0,0,0,0,0,0
"KI2016a","site32","Q32.5.jpg",0,0,0,0,0,0,0,0,0,0,0
"KI2016a","site32","Q3.3.jpg",0,0,0,0,0,0,0,0,0,0,0
"KI2016a","site32","Q37.0.jpg",0,0,0,0,0,0,0,0,0,0,0
"KI2016a","site32","Q37.6.jpg",0,0,0,0,0,0,0,0,0,0,0
"KI2016a","site32","Q39.5.jpg",0,0,0,0,0,0,0,0,0,0,0
"KI2016a","site32","Q43.2.jpg",0,0,0,0,0,0,0,0,0,0,0
"KI2016a","site32","Q44.2.jpg",0,0,0,0,0,0,0,0,0,0,0
"KI2016a","site32","Q47.9.jpg",0,0,0,0,0,0,0,0,0,0,0
"KI2016a","site32","Q49.0.jpg",0,0,0,0,0,0,0,0,0,0,0
"KI2016a","site32","Q50.8.jpg",0,0,0,0,0,0,0,0,0,0,0
"KI2016a","site32","Q54.0.jpg",0,0,0,0,0,0,0,0,0,0,0
"KI2016a","site32","Q56.6.jpg",0,0,0,0,0,0,0,0,0,0,0
"KI2016a","site32","Q57.0.jpg",0,0,0,0,0,0,0,0,0,0,0
"KI2016a","site32","Q58.3.jpg",0,0,0,0,0,0,0,0,0,0,0
"KI2016a","site32","Q58.6.jpg",0,0,0,0,0,0,0,0,0,0,0
"KI2016a","site32","Q6.0.jpg",0,0,0,0,0,0,0,0,0,0,0
"KI2016a","site32","Q6.1.jpg",0,0,0,0,0,0,0,0,0,0,0
"KI2016a","site32","Q8.6.jpg",0,0,0,0,0,0,0,0,0,0,0
"KI2016a","site32","Q9.7.jpg",0,0,0,0,0,0,0,0,0,0,0
"KI2016a","site32","Q9.9.jpg",0,0,0,0,0,0,0,0,0,0,0
"KI2016a","site33","Q0.2.jpg",0,0,0,0,0,0,0,0,0,1,0
"KI2016a","site33","Q10.7.jpg",0,0,0,0,0,0,0,0,0,0,0
"KI2016a","site33","Q1.2.jpg",0,0,0,0,0,0,0,0,0,0,0
"KI2016a","site33","Q16.2.jpg",0,0,0,0,0,0,0,0,0,0,0
"KI2016a","site33","Q16.7.jpg",0,0,0,0,0,0,0,0,0,0,0
"KI2016a","site33","Q19.3.jpg",0,0,0,0,0,0,0,0,0,0,0
"KI2016a","site33","Q20.9.jpg",0,0,0,0,0,0,0,0,0,0,0
"KI2016a","site33","Q21.3.jpg",0,0,0,0,0,0,0,0,0,0,0
"KI2016a","site33","Q24.4.jpg",0,0,0,0,0,0,0,0,0,1,0
"KI2016a","site33","Q3.3.jpg",0,0,0,0,0,0,0,0,0,0,0
"KI2016a","site33","Q35.2.jpg",0,0,0,0,0,0,0,0,0,0,0
"KI2016a","site33","Q37.0.jpg",0,0,0,0,0,0,0,0,0,0,0
"KI2016a","site33","Q37.6.jpg",0,0,0,0,0,0,0,0,0,0,0
"KI2016a","site33","Q38.0.jpg",0,0,0,0,0,0,0,0,0,0,0
"KI2016a","site33","Q39.5.jpg",0,0,0,0,0,0,0,0,0,0,0
"KI2016a","site33","Q43.2.jpg",0,0,0,0,0,0,0,0,0,0,0
"KI2016a","site33","Q44.2.jpg",0,0,0,0,0,0,0,0,0,0,0
"KI2016a","site33","Q47.9.jpg",0,0,0,0,0,0,0,0,0,0,0
"KI2016a","site33","Q49.0.jpg",0,0,0,0,0,0,0,0,0,0,0
"KI2016a","site33","Q50.8.jpg",0,0,0,0,0,0,0,0,0,0,0
"KI2016a","site33","Q54.0.jpg",0,0,0,0,0,0,0,0,0,0,0
"KI2016a","site33","Q56.6.jpg",0,0,0,0,0,0,0,0,0,0,0
"KI2016a","site33","Q57.0.jpg",0,0,0,0,0,0,0,0,0,1,0
"KI2016a","site33","Q58.3.jpg",0,0,0,0,0,0,0,0,0,0,0
"KI2016a","site33","Q58.6.jpg",0,0,0,0,0,0,0,0,0,1,0
"KI2016a","site33","Q6.0.jpg",0,0,0,0,0,0,0,0,0,0,0
"KI2016a","site33","Q6.1.jpg",0,0,0,0,0,0,0,0,0,0,0
"KI2016a","site33","Q8.6.jpg",0,0,0,0,0,0,0,0,0,1,0
"KI2016a","site33","Q9.7.jpg",0,0,0,0,0,0,0,0,0,1,0
"KI2016a","site33","Q9.9.jpg",0,0,0,0,0,0,0,0,0,0,0
"KI2016a","site34DEEP","Q0.2.jpg",0,0,0,0,0,0,0,0,0,0,0
"KI2016a","site34DEEP","Q1.2.jpg",0,0,0,0,0,0,0,0,0,0,0
"KI2016a","site34DEEP","Q3.3.jpg",0,0,0,0,0,0,0,0,0,0,0
"KI2016a","site34DEEP","Q6.0.jpg",0,0,0,0,0,0,0,0,0,0,0
"KI2016a","site34DEEP","Q6.1.jpg",0,0,0,0,0,0,0,0,0,0,0
"KI2016a","site34DEEP","Q8.6.jpg",0,0,0,0,0,0,0,0,0,0,0
"KI2016a","site34","Q0.2.1.jpg",0,0,0,0,0,0,0,0,0,0,0
"KI2016a","site34","Q0.2.2.jpg",0,0,0,0,0,0,0,0,0,0,0
"KI2016a","site34","Q10.7.1.jpg",0,0,0,0,0,0,0,0,0,0,0
"KI2016a","site34","Q10.7.2.jpg",0,0,0,0,0,0,0,0,0,1,0
"KI2016a","site34","Q1.2.1.jpg",0,0,0,0,0,0,0,0,0,0,0
"KI2016a","site34","Q1.2.2.jpg",0,0,0,0,0,0,0,0,0,0,0
"KI2016a","site34","Q16.2.1.jpg",0,0,0,0,0,0,0,0,0,0,0
"KI2016a","site34","Q16.2.2.jpg",0,0,0,0,0,0,0,0,0,0,0
"KI2016a","site34","Q16.7.1.jpg",0,0,0,0,0,0,0,0,0,0,1
"KI2016a","site34","Q16.7.2.jpg",0,0,0,0,0,0,0,0,0,0,0
"KI2016a","site34","Q19.3.1.jpg",0,0,0,0,0,0,0,0,0,0,0
"KI2016a","site34","Q19.3.2.jpg",0,0,0,0,0,0,0,0,0,0,0
"KI2016a","site34","Q20.9.1.jpg",0,0,0,0,0,0,0,0,0,0,0
"KI2016a","site34","Q20.9.2.jpg",0,0,0,0,0,0,0,0,0,0,0
"KI2016a","site34","Q21.3.1.jpg",0,0,0,0,0,0,0,0,0,0,0
"KI2016a","site34","Q21.3.2.jpg",0,0,0,0,0,0,0,0,0,1,0
"KI2016a","site34","Q21.3.3.jpg",0,0,0,0,0,0,0,0,0,0,0
"KI2016a","site34","Q24.4.1.jpg",0,0,0,0,0,0,0,0,0,0,0
"KI2016a","site34","Q24.4.2.jpg",0,0,0,0,0,0,0,0,0,1,0
"KI2016a","site34","Q3.3.1.jpg",0,0,0,0,0,0,0,0,0,0,0
"KI2016a","site34","Q3.3.2.jpg",0,0,0,0,0,0,0,0,0,0,0
"KI2016a","site34","Q6.0.1.jpg",0,0,0,0,0,0,0,0,0,0,0
"KI2016a","site34","Q6.0.2.jpg",0,0,0,0,0,0,0,0,0,0,0
"KI2016a","site34","Q6.1.1.jpg",0,0,0,0,0,0,0,0,0,1,0
"KI2016a","site34","Q6.1.2.jpg",0,0,0,0,0,0,0,0,0,0,0
"KI2016a","site34","Q8.6.1.jpg",0,0,0,0,0,0,0,0,0,0,0
"KI2016a","site34","Q8.6.2.jpg",0,0,0,0,0,0,0,0,0,0,0
"KI2016a","site34","Q9.7.2.jpg",0,0,0,0,0,0,0,0,0,0,0
"KI2016a","site34","Q9.9.1.jpg",0,0,0,0,0,0,0,0,0,0,0
"KI2016a","site34","Q9.9.2.jpg",0,0,0,0,0,0,0,0,0,0,0
"KI2016a","site35","Q0.2.jpg",0,0,0,0,0,0,0,0,0,1,0
"KI2016a","site35","Q10.7.jpg",0,0,0,0,0,0,0,0,0,0,0
"KI2016a","site35","Q1.2.jpg",0,0,0,0,0,0,0,0,0,0,0
"KI2016a","site35","Q16.2.jpg",0,0,0,0,0,0,0,0,0,0,0
"KI2016a","site35","Q16.7.jpg",0,0,0,0,0,0,0,0,0,0,2
"KI2016a","site35","Q19.3.jpg",0,0,0,0,0,0,0,0,0,0,0
"KI2016a","site35","Q20.9.jpg",0,0,0,0,0,0,0,0,0,1,1
"KI2016a","site35","Q21.3.jpg",0,0,0,0,0,0,0,0,0,0,0
"KI2016a","site35","Q24.4.jpg",0,0,0,0,0,0,0,0,0,1,0
"KI2016a","site35","Q3.3.jpg",0,0,0,0,0,0,0,0,0,0,1
"KI2016a","site35","Q35.2.jpg",0,0,0,0,0,0,0,0,0,1,0
"KI2016a","site35","Q37.0.jpg",0,0,0,0,0,0,0,0,0,0,0
"KI2016a","site35","Q37.6.jpg",0,0,0,0,0,0,0,0,0,0,0
"KI2016a","site35","Q38.0.jpg",0,0,0,0,0,0,0,0,0,1,1
"KI2016a","site35","Q39.5.jpg",0,0,0,0,0,0,0,0,0,0,1
"KI2016a","site35","Q43.2.jpg",0,0,0,0,0,0,0,0,0,0,0
"KI2016a","site35","Q44.2.jpg",0,0,0,0,0,0,0,0,0,0,1
"KI2016a","site35","Q47.9.jpg",0,0,0,0,0,0,0,0,0,1,1
"KI2016a","site35","Q49.0.jpg",0,0,0,0,0,0,0,0,0,0,1
"KI2016a","site35","Q50.8.jpg",0,0,0,0,0,0,0,0,0,0,1
"KI2016a","site35","Q54.0.jpg",0,0,0,0,0,0,0,0,0,0,0
"KI2016a","site35","Q6.0.jpg",0,0,0,0,0,0,0,0,0,0,0
"KI2016a","site35","Q6.1.jpg",0,0,0,0,0,0,0,0,0,0,2
"KI2016a","site35","Q8.6.jpg",0,0,0,0,0,0,0,0,0,0,0
"KI2016a","site35","Q9.7.jpg",0,0,0,0,0,0,0,0,0,0,0
"KI2016a","site35","Q9.9.jpg",0,0,0,0,0,0,0,0,0,0,0
"KI2016a","site37","Q0.2.jpg",0,0,0,0,0,0,0,0,0,0,0
"KI2016a","site37","Q10.7.jpg",0,0,0,0,0,0,0,0,0,0,2
"KI2016a","site37","Q1.2.jpg",0,0,0,0,0,0,0,0,0,0,0
"KI2016a","site37","Q16.2.jpg",0,0,0,0,0,0,0,0,0,0,5
"KI2016a","site37","Q16.7.jpg",0,0,0,0,0,0,0,0,0,0,0
"KI2016a","site37","Q19.3.jpg",0,0,0,0,0,0,0,0,0,0,0
"KI2016a","site37","Q20.9.jpg",0,0,0,0,0,0,0,0,0,0,0
"KI2016a","site37","Q21.3.jpg",0,0,0,0,0,0,0,0,0,0,1
"KI2016a","site37","Q24.4.jpg",0,0,0,0,0,0,0,0,0,0,1
"KI2016a","site37","Q3.3.jpg",0,0,0,0,0,0,0,0,0,0,0
"KI2016a","site37","Q35.2.jpg",0,0,0,0,0,0,0,0,0,0,1
"KI2016a","site37","Q37.0.jpg",0,0,0,0,0,0,0,0,0,0,1
"KI2016a","site37","Q37.6.jpg",0,0,0,0,0,0,0,0,0,0,0
"KI2016a","site37","Q38.0.jpg",0,0,0,0,0,0,0,0,0,0,0
"KI2016a","site37","Q39.5.jpg",0,0,0,0,0,0,0,0,0,0,0
"KI2016a","site37","Q43.2.jpg",0,0,0,0,0,0,0,0,0,1,0
"KI2016a","site37","Q44.2.jpg",0,0,0,0,0,0,0,0,0,0,0
"KI2016a","site37","Q47.9.jpg",0,0,0,0,0,0,0,0,0,0,0
"KI2016a","site37","Q49.0.jpg",0,0,0,0,0,0,0,0,0,0,0
"KI2016a","site37","Q50.8.jpg",0,0,0,0,0,0,0,0,0,0,0
"KI2016a","site37","Q54.0.jpg",0,0,0,0,0,0,0,0,0,0,1
"KI2016a","site37","Q56.6.jpg",0,0,0,0,0,0,0,0,0,0,0
"KI2016a","site37","Q57.0.jpg",0,0,0,0,0,0,0,0,0,0,1
"KI2016a","site37","Q58.3.jpg",0,0,0,0,0,0,0,0,0,2,2
"KI2016a","site37","Q58.6.jpg",0,0,0,0,0,0,0,0,0,0,2
"KI2016a","site37","Q6.0.jpg",0,0,0,0,0,0,0,0,0,0,0
"KI2016a","site37","Q6.1.jpg",0,0,0,0,0,0,0,0,0,0,2
"KI2016a","site37","Q8.6.jpg",0,0,0,0,0,0,0,0,0,0,0
"KI2016a","site37","Q9.7.jpg",0,0,0,0,0,0,0,0,0,0,1
"KI2016a","site37","Q9.9.jpg",0,0,0,0,0,0,0,0,0,0,0
"KI2016a","site38","Q10.7.jpg",0,0,0,0,0,0,0,0,0,0,0
"KI2016a","site38","Q16.2.jpg",0,0,0,0,0,0,0,0,0,0,1
"KI2016a","site38","Q16.7.jpg",0,0,0,0,0,0,0,0,0,0,0
"KI2016a","site38","Q19.3.jpg",0,0,0,0,0,0,0,0,0,2,1
"KI2016a","site38","Q20.9.jpg",0,0,0,0,0,0,0,0,0,0,1
"KI2016a","site38","Q21.3.jpg",0,0,0,0,0,0,0,0,0,1,0
"KI2016a","site38","Q24.3.jpg",0,0,0,0,0,0,0,0,0,0,0
"KI2016a","site38","Q3.0.jpg",0,0,0,0,0,0,0,0,0,0,0
"KI2016a","site38","Q3.3.jpg",0,0,0,0,0,0,0,0,0,0,4
"KI2016a","site38","Q35.3.jpg",0,0,0,0,0,0,0,0,0,0,1
"KI2016a","site38","Q37.0.jpg",0,0,0,0,0,0,0,0,0,1,0
"KI2016a","site38","Q37.6.jpg",0,0,0,0,0,0,0,0,0,0,1
"KI2016a","site38","Q38.0.jpg",0,0,0,0,0,0,0,0,0,0,4
"KI2016a","site38","Q39.5.jpg",0,0,0,0,0,0,0,0,0,0,0
"KI2016a","site38","Q43.2.jpg",0,0,0,0,0,0,0,0,0,0,0
"KI2016a","site38","Q44.2.jpg",0,0,0,0,0,0,0,0,0,0,0
"KI2016a","site38","Q47.8.jpg",0,0,0,0,0,0,0,0,0,1,3
"KI2016a","site38","Q49.1.jpg",0,0,0,0,0,0,0,0,0,2,0
"KI2016a","site38","Q50.8.jpg",0,0,0,0,0,0,0,0,0,0,0
"KI2016a","site38","Q54.0.jpg",0,0,0,0,0,0,0,0,0,1,0
"KI2016a","site38","Q56.6.jpg",0,0,0,0,0,0,0,0,0,0,0
"KI2016a","site38","Q57.0.jpg",0,0,0,0,0,0,0,0,0,0,0
"KI2016a","site38","Q58.3.jpg",0,0,0,0,0,0,0,0,0,0,0
"KI2016a","site38","Q58.6.jpg",0,0,0,0,0,0,0,0,0,0,0
"KI2016a","site38","Q6.0.jpg",0,0,0,0,0,0,0,0,0,0,1
"KI2016a","site38","Q6.1.jpg",0,0,0,0,0,0,0,0,0,0,0
"KI2016a","site38","Q8.6.jpg",0,0,0,0,0,0,0,0,0,0,0
"KI2016a","site38","Q9.6.jpg",0,0,0,0,0,0,0,0,0,0,0
"KI2016a","site38","Q9.9.jpg",0,0,0,0,0,0,0,0,0,0,2
"KI2016a","site40","Q0.2.jpg",0,0,0,0,0,0,0,0,0,0,0
"KI2016a","site40","Q1.2.jpg",0,0,0,0,0,0,0,0,0,0,0
"KI2016a","site40","Q16.2.jpg",0,0,0,0,0,0,0,0,0,1,0
"KI2016a","site40","Q16.7.jpg",0,0,0,0,0,0,0,0,0,0,0
"KI2016a","site40","Q19.3.jpg",0,0,0,0,0,0,0,0,0,0,0
"KI2016a","site40","Q20.9.jpg",0,0,0,0,0,0,0,0,0,0,0
"KI2016a","site40","Q21.3.jpg",0,0,0,0,0,0,0,0,0,0,0
"KI2016a","site40","Q24.4.jpg",0,0,0,0,0,0,0,0,0,0,0
"KI2016a","site40","Q3.3.jpg",0,0,0,0,0,0,0,0,0,0,0
"KI2016a","site40","Q35.2.jpg",0,0,0,0,0,0,0,0,0,0,2
"KI2016a","site40","Q43.2.jpg",0,0,0,0,0,0,0,0,0,0,0
"KI2016a","site40","Q44.2.jpg",0,0,0,0,0,0,0,0,0,0,0
"KI2016a","site40","Q47.9.jpg",0,0,0,0,0,0,0,0,0,0,0
"KI2016a","site40","Q49.0.jpg",0,0,0,0,0,0,0,0,0,0,0
"KI2016a","site40","Q50.8.jpg",0,0,0,0,0,0,0,0,0,1,1
"KI2016a","site40","Q54.0.jpg",0,0,0,0,0,0,0,0,0,0,2
"KI2016a","site40","Q56.6.jpg",0,0,0,0,0,0,0,0,0,0,0
"KI2016a","site40","Q57.0.jpg",0,0,0,0,0,0,0,0,0,0,0
"KI2016a","site40","Q58.3.jpg",0,0,0,0,0,0,0,0,0,0,1
"KI2016a","site40","Q58.6.jpg",0,0,0,0,0,0,0,0,0,0,0
"KI2016a","site40","Q6.0.jpg",0,0,0,0,0,0,0,0,0,0,0
"KI2016a","site40","Q6.1.jpg",0,0,0,0,0,0,0,0,0,0,0
"KI2016a","site40","Q9.7.jpg",0,0,0,0,0,0,0,0,0,0,0
"KI2016a","site5","24.4.jpg",0,0,0,0,0,0,0,0,0,0,0
"KI2016a","site5","MPQ1.jpg",0,0,0,0,0,0,0,0,0,0,0
"KI2016a","site5","Q0.2.jpg",0,0,0,0,0,0,0,0,0,1,0
"KI2016a","site5","Q10.7.jpg",0,0,0,0,0,0,0,0,0,0,0
"KI2016a","site5","Q1.2.jpg",0,0,0,0,0,0,0,0,0,0,2
"KI2016a","site5","Q16.2.jpg",0,0,0,0,0,0,0,0,0,1,0
"KI2016a","site5","Q16.7.jpg",0,0,0,0,0,0,0,0,0,0,0
"KI2016a","site5","Q19.3.jpg",0,0,0,0,0,0,0,0,0,0,1
"KI2016a","site5","Q20.9.jpg",0,0,0,0,0,0,0,0,0,0,1
"KI2016a","site5","Q21.3.jpg",0,0,0,0,0,0,0,0,0,0,0
"KI2016a","site5","Q3.3.jpg",0,0,0,0,0,0,0,0,0,0,0
"KI2016a","site5","Q35.2.jpg",0,0,0,0,0,0,0,0,0,1,1
"KI2016a","site5","Q37.0.jpg",0,0,0,0,0,0,0,0,0,0,2
"KI2016a","site5","Q37.6.jpg",0,0,0,0,0,0,0,0,0,0,1
"KI2016a","site5","Q38.0.jpg",0,0,0,0,0,0,0,0,0,0,0
"KI2016a","site5","Q39.5.jpg",0,0,0,0,0,0,0,0,0,1,0
"KI2016a","site5","Q43.2.jpg",0,0,0,0,0,0,0,0,0,0,0
"KI2016a","site5","Q44.2.jpg",0,0,0,0,0,0,0,0,0,0,0
"KI2016a","site5","Q47.9.jpg",0,0,0,0,0,0,0,0,0,1,0
"KI2016a","site5","Q49.0.jpg",0,0,0,0,0,0,0,0,0,1,0
"KI2016a","site5","Q50.8.jpg",0,0,0,0,0,0,0,0,0,0,1
"KI2016a","site5","Q54.0.jpg",0,0,0,0,0,0,0,0,0,0,5
"KI2016a","site5","Q55.6.jpg",0,0,0,0,0,0,0,0,0,0,0
"KI2016a","site5","Q57.0.jpg",0,0,0,0,0,0,0,0,0,0,1
"KI2016a","site5","Q58.3.jpg",0,0,0,0,0,0,0,0,0,1,1
"KI2016a","site5","Q58.6.jpg",0,0,0,0,0,0,0,0,0,0,3
"KI2016a","site5","Q6.0.jpg",0,0,0,0,0,0,0,0,0,0,0
"KI2016a","site5","Q6.1.jpg",0,0,0,0,0,0,0,0,0,2,0
"KI2016a","site5","Q8.6.jpg",0,0,0,0,0,0,0,0,0,0,0
"KI2016a","site5","Q9.7.jpg",0,0,0,0,0,0,0,0,0,0,0
"KI2016a","site5","Q9.9.jpg",0,0,0,0,0,0,0,0,0,0,0
"KI2016a","site8","54.0.jpg",0,0,0,0,0,0,0,0,0,0,0
"KI2016a","site8","Q0.2.jpg",0,0,0,0,0,0,0,0,0,0,0
"KI2016a","site8","Q10.7.jpg",0,0,0,0,0,0,0,0,0,1,1
"KI2016a","site8","Q1.2.jpg",0,0,0,0,0,0,0,0,0,0,0
"KI2016a","site8","Q16.2.jpg",0,0,0,0,0,0,0,0,0,0,0
"KI2016a","site8","Q16.7.jpg",0,0,0,0,0,0,0,0,0,0,0
"KI2016a","site8","Q19.3.jpg",0,0,0,0,0,0,0,0,0,0,0
"KI2016a","site8","Q20.9.jpg",0,0,0,0,0,0,0,0,0,1,2
"KI2016a","site8","Q21.3.jpg",0,0,0,0,0,0,0,0,0,0,0
"KI2016a","site8","Q24.4.jpg",0,0,0,0,0,0,0,0,0,2,1
"KI2016a","site8","Q3.3.jpg",0,0,0,0,0,0,0,0,0,0,0
"KI2016a","site8","Q35.2.jpg",0,0,0,0,0,0,0,0,0,3,0
"KI2016a","site8","Q37.0.jpg",0,0,0,0,0,0,0,0,0,0,0
"KI2016a","site8","Q37.6.jpg",0,0,0,0,0,0,0,0,0,0,0
"KI2016a","site8","Q38.0.jpg",0,0,0,0,0,0,0,0,0,0,1
"KI2016a","site8","Q39.5.jpg",0,0,0,0,0,0,0,0,0,1,0
"KI2016a","site8","Q43.2.jpg",0,0,0,0,0,0,0,0,0,0,0
"KI2016a","site8","Q44.2.jpg",0,0,0,0,0,0,0,0,0,0,0
"KI2016a","site8","Q47.9.jpg",0,0,0,0,0,0,0,0,0,0,0
"KI2016a","site8","Q49.0.jpg",0,0,0,0,0,0,0,0,0,0,0
"KI2016a","site8","Q50.8.jpg",0,0,0,0,0,0,0,0,0,1,0
"KI2016a","site8","Q56.6.jpg",0,0,0,0,0,0,0,0,0,0,0
"KI2016a","site8","Q57.0.jpg",0,0,0,0,0,0,0,0,0,0,0
"KI2016a","site8","Q58.3.jpg",0,0,0,0,0,0,0,0,0,2,0
"KI2016a","site8","Q58.6.jpg",0,0,0,0,0,0,0,0,0,0,0
"KI2016a","site8","Q6.0.jpg",0,0,0,0,0,0,0,0,0,0,0
"KI2016a","site8","Q6.1.jpg",0,0,0,0,0,0,0,0,0,0,3
"KI2016a","site8","Q8.6.jpg",0,0,0,0,0,0,0,0,0,1,0
"KI2016a","site8","Q9.7.jpg",0,0,0,0,0,0,0,0,0,0,0
"KI2016a","site8","Q9.9.jpg",0,0,0,0,0,0,0,0,0,0,0
"KI2016a","site9","Q0.2.jpg",0,0,0,0,0,0,0,0,0,0,0
"KI2016a","site9","Q10.7.jpg",0,0,0,0,0,0,0,0,0,0,1
"KI2016a","site9","Q1.2.jpg",0,0,0,0,0,0,0,0,0,0,0
"KI2016a","site9","Q16.2.jpg",0,0,0,0,0,0,0,0,0,0,0
"KI2016a","site9","Q16.7.jpg",0,0,0,0,0,0,0,0,0,0,1
"KI2016a","site9","Q19.3.jpg",0,0,0,0,0,0,0,0,0,1,0
"KI2016a","site9","Q20.9.jpg",0,0,0,0,0,0,0,0,0,0,0
"KI2016a","site9","Q21.3.jpg",0,0,0,0,0,0,0,0,0,0,0
"KI2016a","site9","Q24.4.jpg",0,0,0,0,0,0,0,0,0,0,0
"KI2016a","site9","Q3.3.jpg",0,0,0,0,0,0,0,0,0,0,0
"KI2016a","site9","Q35.2.jpg",0,0,0,0,0,0,0,0,0,2,0
"KI2016a","site9","Q37.0.jpg",0,0,0,0,0,0,0,0,0,0,1
"KI2016a","site9","Q37.6.jpg",0,0,0,0,0,0,0,0,0,0,0
"KI2016a","site9","Q38.0.jpg",0,0,0,0,0,0,0,0,0,0,0
"KI2016a","site9","Q39.5.jpg",0,0,0,0,0,0,0,0,0,0,0
"KI2016a","site9","Q43.2.jpg",0,0,0,0,0,0,0,0,0,0,0
"KI2016a","site9","Q44.2.jpg",0,0,0,0,0,0,0,0,0,0,0
"KI2016a","site9","Q47.9.jpg",0,0,0,0,0,0,0,0,0,0,0
"KI2016a","site9","Q49.0.jpg",0,0,0,0,0,0,0,0,0,0,0
"KI2016a","site9","Q50.0.jpg",0,0,0,0,0,0,0,0,0,0,0
"KI2016a","site9","Q54.0.jpg",0,0,0,0,0,0,0,0,0,0,0
"KI2016a","site9","Q56.6.jpg",0,0,0,0,0,0,0,0,0,0,0
"KI2016a","site9","Q57.6.jpg",0,0,0,0,0,0,0,0,0,0,0
"KI2016a","site9","Q58.3.jpg",0,0,0,0,0,0,0,0,0,0,0
"KI2016a","site9","Q58.6.jpg",0,0,0,0,0,0,0,0,0,0,0
"KI2016a","site9","Q6.0.jpg",0,0,0,0,0,0,0,0,0,1,0
"KI2016a","site9","Q6.1.jpg",0,0,0,0,0,0,0,0,0,0,0
"KI2016a","site9","Q8.6.jpg",0,0,0,0,0,0,0,0,0,0,0
"KI2016a","site9","Q9.7.jpg",0,0,0,0,0,0,0,0,0,0,0
"KI2016a","site9","Q9.9.jpg",0,0,0,0,0,0,0,0,0,1,0
"KI2017","site10","Q0.2.jpg",0,0,0,0,0,0,0,0,0,0,0
"KI2017","site10","Q10.7.jpg",0,0,0,0,0,0,0,0,0,1,0
"KI2017","site10","Q1.2.jpg",0,0,0,0,0,0,0,0,0,0,0
"KI2017","site10","Q16.2.jpg",0,0,0,0,0,0,0,0,0,0,0
"KI2017","site10","Q16.7.jpg",0,0,0,0,0,0,0,0,0,0,0
"KI2017","site10","Q19.3.jpg",0,0,0,0,0,0,0,0,0,1,2
"KI2017","site10","Q20.9.jpg",0,0,0,0,0,0,0,0,0,1,0
"KI2017","site10","Q21.3.jpg",0,0,0,0,0,0,0,0,0,0,0
"KI2017","site10","Q24.4.jpg",0,0,0,0,0,0,0,0,0,0,0
"KI2017","site10","Q3.3.jpg",0,0,0,0,0,0,0,0,0,0,5
"KI2017","site10","Q35.2.jpg",0,0,0,0,0,0,0,0,0,1,0
"KI2017","site10","Q37.0.jpg",0,0,0,0,0,0,0,0,0,0,0
"KI2017","site10","Q37.6.jpg",0,0,0,0,0,0,0,0,0,0,0
"KI2017","site10","Q38.0.jpg",0,0,0,0,0,0,0,0,0,0,0
"KI2017","site10","Q39.5.jpg",0,0,0,0,0,0,0,0,0,1,3
"KI2017","site10","Q43.2.jpg",0,0,0,0,0,0,0,0,0,0,0
"KI2017","site10","Q44.2.jpg",0,0,0,0,0,0,0,0,0,0,0
"KI2017","site10","Q47.9.jpg",0,0,0,0,0,0,0,0,0,0,0
"KI2017","site10","Q49.0.jpg",0,0,0,0,0,0,0,0,0,0,0
"KI2017","site10","Q50.8.jpg",0,0,0,0,0,0,0,0,0,0,1
"KI2017","site10","Q6.0.jpg",0,0,0,0,0,0,0,0,0,0,1
"KI2017","site10","Q6.1.jpg",0,0,0,0,0,0,0,0,0,0,2
"KI2017","site10","Q8.6.jpg",0,0,0,0,0,0,0,0,0,0,0
"KI2017","site10","Q9.7.jpg",0,0,0,0,0,0,0,0,0,0,2
"KI2017","site10","Q9.9.jpg",0,0,0,0,0,0,0,0,0,1,1
"KI2017","site12","Q0.2.jpg",0,0,0,0,0,0,0,0,0,0,0
"KI2017","site12","Q10.7.jpg",0,0,0,0,0,0,0,0,0,0,0
"KI2017","site12","Q1.2.jpg",0,0,0,0,0,0,0,0,0,1,1
"KI2017","site12","Q12.jpg",0,0,0,0,0,0,0,0,0,1,1
"KI2017","site12","Q16.2.jpg",0,0,0,0,0,0,0,0,0,0,2
"KI2017","site12","Q16.7.jpg",0,0,0,0,0,0,0,0,0,0,0
"KI2017","site12","Q19.3.jpg",0,0,0,0,0,0,0,0,0,0,0
"KI2017","site12","Q20.9.jpg",0,0,0,0,0,0,0,0,0,0,0
"KI2017","site12","Q21.3.jpg",0,0,0,0,0,0,0,0,0,1,2
"KI2017","site12","Q24.4.jpg",0,0,0,0,0,0,0,0,0,1,0
"KI2017","site12","Q3.3.jpg",0,0,0,0,0,0,0,0,0,0,0
"KI2017","site12","Q35.2.jpg",0,0,0,0,0,0,0,0,0,0,1
"KI2017","site12","Q37.6.jpg",0,0,0,0,0,0,0,0,0,0,0
"KI2017","site12","Q37.jpg",0,0,0,0,0,0,0,0,0,0,0
"KI2017","site12","Q38.jpg",0,0,0,0,0,0,0,0,0,0,0
"KI2017","site12","Q39.5.jpg",0,0,0,0,0,0,0,0,0,0,0
"KI2017","site12","Q43.2.jpg",0,0,0,0,0,0,0,0,0,0,0
"KI2017","site12","Q44.2.jpg",0,0,0,0,0,0,0,0,0,1,0
"KI2017","site12","Q47.9.jpg",0,0,0,0,0,0,0,0,0,0,0
"KI2017","site12","Q49.jpg",0,0,0,0,0,0,0,0,0,0,0
"KI2017","site12","Q50.8.jpg",0,0,0,0,0,0,0,0,0,0,0
"KI2017","site12","Q54.jpg",0,0,0,0,0,0,0,0,0,1,0
"KI2017","site12","Q56.6.jpg",0,0,0,0,0,0,0,0,0,0,0
"KI2017","site12","Q57.jpg",0,0,0,0,0,0,0,0,0,0,0
"KI2017","site12","Q58.3.jpg",0,0,0,0,0,0,0,0,0,0,0
"KI2017","site12","Q58.6.jpg",0,0,0,0,0,0,0,0,0,0,0
"KI2017","site12","Q6.1.jpg",0,0,0,0,0,0,0,0,0,0,1
"KI2017","site12","Q6.jpg",0,0,0,0,0,0,0,0,0,0,0
"KI2017","site12","Q8.6.jpg",0,0,0,0,0,0,0,0,0,0,0
"KI2017","site12","Q9.7.jpg",0,0,0,0,0,0,0,0,0,0,0
"KI2017","site12","Q9.9.jpg",0,0,0,0,0,0,0,0,0,0,0
"KI2017","site13","Q15.8.jpg",0,0,0,0,0,0,0,0,0,1,0
"KI2017","site13","Q16.7.jpg",0,0,0,0,0,0,0,0,0,0,0
"KI2017","site13","Q19.3.jpg",0,0,0,0,0,0,0,0,0,0,0
"KI2017","site13","Q20.9.jpg",0,0,0,0,0,0,0,0,0,0,0
"KI2017","site13","Q21.2.jpg",0,0,0,0,0,0,0,0,0,1,1
"KI2017","site13","Q21.3.jpg",0,0,0,0,0,0,0,0,0,0,0
"KI2017","site13","Q24.4.jpg",0,0,0,0,0,0,0,0,0,0,0
"KI2017","site13","Q35.2.jpg",0,0,0,0,0,0,0,0,0,1,0
"KI2017","site13","Q37.6.jpg",0,0,0,0,0,0,0,0,0,0,0
"KI2017","site13","Q37.jpg",0,0,0,0,0,0,0,0,0,0,0
"KI2017","site13","Q38.jpg",0,0,0,0,0,0,0,0,0,0,0
"KI2017","site13","Q43.2.jpg",0,0,0,0,0,0,0,0,0,0,2
"KI2017","site13","Q44.2.jpg",0,0,0,0,0,0,0,0,0,0,0
"KI2017","site13","Q47.9.jpg",0,0,0,0,0,0,0,0,0,0,0
"KI2017","site13","Q49.jpg",0,0,0,0,0,0,0,0,0,1,2
"KI2017","site13","Q50.8.jpg",0,0,0,0,0,0,0,0,0,1,0
"KI2017","site13","Q54.jpg",0,0,0,0,0,0,0,0,0,0,1
"KI2017","site13","Q56.6.jpg",0,0,0,0,0,0,0,0,0,0,1
"KI2017","site13","Q57.jpg",0,0,0,0,0,0,0,0,0,1,0
"KI2017","site13","Q58.3.jpg",0,0,0,0,0,0,0,0,0,0,0
"KI2017","site13","Q58.6.jpg",0,0,0,0,0,0,0,0,0,0,0
"KI2017","site13","Q8.6.jpg",0,0,0,0,0,0,0,0,0,0,0
"KI2017","site13","Q9.7.jpg",0,0,0,0,0,0,0,0,0,0,0
"KI2017","site14","Q0.2.jpg",0,0,0,0,0,0,0,0,0,0,0
"KI2017","site14","Q10.7.jpg",0,0,0,0,0,0,0,0,0,0,0
"KI2017","site14","Q1.2.jpg",0,0,0,0,0,0,0,0,0,0,0
"KI2017","site14","Q16.2.jpg",0,0,0,0,0,0,0,0,0,0,0
"KI2017","site14","Q16.7.jpg",0,0,0,0,0,0,0,0,0,0,0
"KI2017","site14","Q19.3.jpg",0,0,0,0,0,0,0,0,0,0,0
"KI2017","site14","Q20.9.jpg",0,0,0,0,0,0,0,0,0,0,0
"KI2017","site14","Q21.3.jpg",0,0,0,0,0,0,0,0,0,0,0
"KI2017","site14","Q24.4.jpg",0,0,0,0,0,0,0,0,0,0,0
"KI2017","site14","Q3.3.jpg",0,0,0,0,0,0,0,0,0,0,0
"KI2017","site14","Q35.2.jpg",0,0,0,0,0,0,0,0,0,0,0
"KI2017","site14","Q37.0.jpg",0,0,0,0,0,0,0,0,0,0,0
"KI2017","site14","Q37.6.jpg",0,0,0,0,0,0,0,0,0,0,0
"KI2017","site14","Q38.0.jpg",0,0,0,0,0,0,0,0,0,0,0
"KI2017","site14","Q39.5.jpg",0,0,0,0,0,0,0,0,0,0,0
"KI2017","site14","Q43.2.jpg",0,0,0,0,0,0,0,0,0,0,0
"KI2017","site14","Q44.2.jpg",0,0,0,0,0,0,0,0,0,0,0
"KI2017","site14","Q47.9.jpg",0,0,0,0,0,0,0,0,0,0,0
"KI2017","site14","Q49.0.jpg",0,0,0,0,0,0,0,0,0,0,0
"KI2017","site14","Q50.8.jpg",0,0,0,0,0,0,0,0,0,0,0
"KI2017","site14","Q54.0.jpg",0,0,0,0,0,0,0,0,0,0,0
"KI2017","site14","Q56.6.jpg",0,0,0,0,0,0,0,0,0,0,0
"KI2017","site14","Q57.0.jpg",0,0,0,0,0,0,0,0,0,0,0
"KI2017","site14","Q58.3.jpg",0,0,0,0,0,0,0,0,0,0,0
"KI2017","site14","Q58.6.jpg",0,0,0,0,0,0,0,0,0,0,0
"KI2017","site14","Q6.0.jpg",0,0,0,0,0,0,0,0,0,0,0
"KI2017","site14","Q6.1.jpg",0,0,0,0,0,0,0,0,0,0,0
"KI2017","site14","Q8.6.jpg",0,0,0,0,0,0,0,0,0,0,0
"KI2017","site14","Q9.7.jpg",0,0,0,0,0,0,0,0,0,0,0
"KI2017","site14","Q9.9.jpg",0,0,0,0,0,0,0,0,0,0,0
"KI2017","site15","Q0.2.jpg",0,0,0,0,0,0,0,0,0,0,0
"KI2017","site15","Q10.7.jpg",0,0,0,0,0,0,0,0,0,0,0
"KI2017","site15","Q1.2.jpg",0,0,0,0,0,0,0,0,0,0,0
"KI2017","site15","Q16.2.jpg",0,0,0,0,0,0,0,0,0,0,0
"KI2017","site15","Q16.7.jpg",0,0,0,0,0,0,0,0,0,0,0
"KI2017","site15","Q19.3.jpg",0,0,0,0,0,0,0,0,0,0,0
"KI2017","site15","Q20.9.jpg",0,0,0,0,0,0,0,0,0,1,0
"KI2017","site15","Q21.3.jpg",0,0,0,0,0,0,0,0,0,0,3
"KI2017","site15","Q24.4.jpg",0,0,0,0,0,0,0,0,0,0,0
"KI2017","site15","Q3.3.jpg",0,0,0,0,0,0,0,0,0,0,0
"KI2017","site15","Q35.2.jpg",0,0,0,0,0,0,0,0,0,0,0
"KI2017","site15","Q37.0.jpg",0,0,0,0,0,0,0,0,0,1,0
"KI2017","site15","Q37.6.jpg",0,0,0,0,0,0,0,0,0,0,0
"KI2017","site15","Q38.0.jpg",0,0,0,0,0,0,0,0,0,1,4
"KI2017","site15","Q39.5.jpg",0,0,0,0,0,0,0,0,0,2,2
"KI2017","site15","Q43.2.jpg",0,0,0,0,0,0,0,0,0,0,0
"KI2017","site15","Q44.2.jpg",0,0,0,0,0,0,0,0,0,3,0
"KI2017","site15","Q47.9.jpg",0,0,0,0,0,0,0,0,0,0,0
"KI2017","site15","Q49.0.jpg",0,0,0,0,0,0,0,0,0,0,0
"KI2017","site15","Q50.8.jpg",0,0,0,0,0,0,0,0,0,0,0
"KI2017","site15","Q54.0.jpg",0,0,0,0,0,0,0,0,0,0,0
"KI2017","site15","Q56.6.jpg",0,0,0,0,0,0,0,0,0,1,0
"KI2017","site15","Q57.0.jpg",0,0,0,0,0,0,0,0,0,0,0
"KI2017","site15","Q58.3.jpg",0,0,0,0,0,0,0,0,0,0,3
"KI2017","site15","Q58.6.jpg",0,0,0,0,0,0,0,0,0,0,2
"KI2017","site15","Q6.0.jpg",0,0,0,0,0,0,0,0,0,0,0
"KI2017","site15","Q6.1.jpg",0,0,0,0,0,0,0,0,0,0,0
"KI2017","site15","Q8.6.jpg",0,0,0,0,0,0,0,0,0,0,0
"KI2017","site15","Q9.7.jpg",0,0,0,0,0,0,0,0,0,0,1
"KI2017","site15","Q9.9.jpg",0,0,0,0,0,0,0,0,0,0,1
"KI2017","site18","Q0.2.jpg",0,0,0,0,0,0,0,0,0,0,0
"KI2017","site18","Q10.7.jpg",0,0,0,0,0,0,0,0,0,0,0
"KI2017","site18","Q1.2.jpg",0,0,0,0,0,0,0,0,0,0,0
"KI2017","site18","Q16.2.jpg",0,0,0,0,0,0,0,0,0,0,1
"KI2017","site18","Q16.7.jpg",0,0,0,0,0,0,0,0,0,0,1
"KI2017","site18","Q19.3.jpg",0,0,0,0,0,0,0,0,0,0,1
"KI2017","site18","Q20.9.jpg",0,0,0,0,0,0,0,0,0,0,1
"KI2017","site18","Q21.3.jpg",0,0,0,0,0,0,0,0,0,0,0
"KI2017","site18","Q24.4.jpg",0,0,0,0,0,0,0,0,0,0,1
"KI2017","site18","Q3.3.jpg",0,0,0,0,0,0,0,0,0,0,0
"KI2017","site18","Q35.2.jpg",0,0,0,0,0,0,0,0,0,0,3
"KI2017","site18","Q37.0.jpg",0,0,0,0,0,0,0,0,0,0,0
"KI2017","site18","Q37.6.jpg",0,0,0,0,0,0,0,0,0,0,0
"KI2017","site18","Q38.0.jpg",0,0,0,0,0,0,0,0,0,0,0
"KI2017","site18","Q39.5.jpg",0,0,0,0,0,0,0,0,0,0,0
"KI2017","site18","Q6.0.jpg",0,0,0,0,0,0,0,0,0,0,0
"KI2017","site18","Q6.1.jpg",0,0,0,0,0,0,0,0,0,2,1
"KI2017","site18","Q8.6.jpg",0,0,0,0,0,0,0,0,0,0,0
"KI2017","site18","Q9.7.jpg",0,0,0,0,0,0,0,0,0,0,0
"KI2017","site18","Q9.9.jpg",0,0,0,0,0,0,0,0,0,0,3
"KI2017","site19","Q0.2.jpg",0,0,0,0,0,0,0,0,0,0,0
"KI2017","site19","Q10.7.jpg",0,0,0,0,0,0,0,0,0,0,0
"KI2017","site19","Q1.2.jpg",0,0,0,0,0,0,0,0,0,0,0
"KI2017","site19","Q16.2.jpg",0,0,0,0,0,0,0,0,0,0,0
"KI2017","site19","Q16.7.jpg",0,0,0,0,0,0,0,0,0,0,1
"KI2017","site19","Q19.3.jpg",0,0,0,0,0,0,0,0,0,1,0
"KI2017","site19","Q3.3.jpg",0,0,0,0,0,0,0,0,0,0,0
"KI2017","site19","Q35.2.jpg",0,0,0,0,0,0,0,0,0,0,0
"KI2017","site19","Q37.0.jpg",0,0,0,0,0,0,0,0,0,0,0
"KI2017","site19","Q37.6.jpg",0,0,0,0,0,0,0,0,0,0,0
"KI2017","site19","Q38.0.jpg",0,0,0,0,0,0,0,0,0,0,0
"KI2017","site19","Q39.5.jpg",0,0,0,0,0,0,0,0,0,2,0
"KI2017","site19","Q43.2.jpg",0,0,0,0,0,0,0,0,0,0,0
"KI2017","site19","Q44.2.jpg",0,0,0,0,0,0,0,0,0,0,0
"KI2017","site19","Q47.9.jpg",0,0,0,0,0,0,0,0,0,0,0
"KI2017","site19","Q49.0.jpg",0,0,0,0,0,0,0,0,0,0,0
"KI2017","site19","Q50.8.jpg",0,0,0,0,0,0,0,0,0,0,1
"KI2017","site19","Q54.0.jpg",0,0,0,0,0,0,0,0,0,0,0
"KI2017","site19","Q56.6.jpg",0,0,0,0,0,0,0,0,0,0,2
"KI2017","site19","Q57.0.jpg",0,0,0,0,0,0,0,0,0,0,0
"KI2017","site19","Q58.3.jpg",0,0,0,0,0,0,0,0,0,0,0
"KI2017","site19","Q6.0.jpg",0,0,0,0,0,0,0,0,0,0,0
"KI2017","site19","Q6.1.jpg",0,0,0,0,0,0,0,0,0,1,0
"KI2017","site19","Q8.6.jpg",0,0,0,0,0,0,0,0,0,0,0
"KI2017","site19","Q9.7.jpg",0,0,0,0,0,0,0,0,0,0,0
"KI2017","site19","Q9.9.jpg",0,0,0,0,0,0,0,0,0,0,0
"KI2017","site1","Q0.2.jpg",0,0,0,0,0,0,0,0,0,0,1
"KI2017","site1","Q10.7.jpg",0,0,0,0,0,0,0,0,0,0,0
"KI2017","site1","Q1.2.jpg",0,0,0,0,0,0,0,0,0,0,0
"KI2017","site1","Q16.2.jpg",0,0,0,0,0,0,0,0,0,0,1
"KI2017","site1","Q16.7.jpg",0,0,0,0,0,0,0,0,0,0,0
"KI2017","site1","Q19.3.jpg",0,0,0,0,0,0,0,0,0,0,0
"KI2017","site1","Q20.9.jpg",0,0,0,0,0,0,0,0,0,0,0
"KI2017","site1","Q21.3.jpg",0,0,0,0,0,0,0,0,0,0,0
"KI2017","site1","Q24.4.jpg",0,0,0,0,0,0,0,0,0,1,1
"KI2017","site1","Q3.3.jpg",0,0,0,0,0,0,0,0,0,0,1
"KI2017","site1","Q35.2.jpg",0,0,0,0,0,0,0,0,0,0,0
"KI2017","site1","Q37.0.jpg",0,0,0,0,0,0,0,0,0,0,0
"KI2017","site1","Q37.6.jpg",0,0,0,0,0,0,0,0,0,3,1
"KI2017","site1","Q38.0.jpg",0,0,0,0,0,0,0,0,0,0,0
"KI2017","site1","Q39.5.jpg",0,0,0,0,0,0,0,0,0,1,0
"KI2017","site1","Q43.2.jpg",0,0,0,0,0,0,0,0,0,0,0
"KI2017","site1","Q44.2.jpg",0,0,0,0,0,0,0,0,0,0,0
"KI2017","site1","Q47.9.jpg",0,0,0,0,0,0,0,0,0,0,0
"KI2017","site1","Q49.0.jpg",0,0,0,0,0,0,0,0,0,0,0
"KI2017","site1","Q50.8.jpg",0,0,0,0,0,0,0,0,0,0,0
"KI2017","site1","Q54.0.jpg",0,0,0,0,0,0,0,0,0,1,1
"KI2017","site1","Q56.6.jpg",0,0,0,0,0,0,0,0,0,0,0
"KI2017","site1","Q57.0.jpg",0,0,0,0,0,0,0,0,0,1,0
"KI2017","site1","Q58.3.jpg",0,0,0,0,0,0,0,0,0,2,0
"KI2017","site1","Q6.0.jpg",0,0,0,0,0,0,0,0,0,0,0
"KI2017","site1","Q6.1.jpg",0,0,0,0,0,0,0,0,0,1,0
"KI2017","site1","Q8.6.jpg",0,0,0,0,0,0,0,0,0,0,1
"KI2017","site1","Q9.7.jpg",0,0,0,0,0,0,0,0,0,0,0
"KI2017","site1","Q9.9.jpg",0,0,0,0,0,0,0,0,0,0,0
"KI2017","site20","Q0.2.jpg",0,0,0,0,0,0,0,0,0,0,0
"KI2017","site20","Q10.7.jpg",0,0,0,0,0,0,0,0,0,0,0
"KI2017","site20","Q1.2.jpg",0,0,0,0,0,0,0,0,0,0,0
"KI2017","site20","Q16.2.jpg",0,0,0,0,0,0,0,0,0,0,0
"KI2017","site20","Q16.7.jpg",0,0,0,0,0,0,0,0,0,0,0
"KI2017","site20","Q19.3.jpg",0,0,0,0,0,0,0,0,0,0,0
"KI2017","site20","Q20.9.jpg",0,0,0,0,0,0,0,0,0,0,0
"KI2017","site20","Q21.3.jpg",0,0,0,0,0,0,0,0,0,0,0
"KI2017","site20","Q24.4.jpg",0,0,0,0,0,0,0,0,0,0,0
"KI2017","site20","Q3.3.jpg",0,0,0,0,0,0,0,0,0,0,0
"KI2017","site20","Q35.2.jpg",0,0,0,0,0,0,0,0,0,0,0
"KI2017","site20","Q37.6.jpg",0,0,0,0,0,0,0,0,0,0,0
"KI2017","site20","Q37.jpg",0,0,0,0,0,0,0,0,0,0,0
"KI2017","site20","Q38.jpg",0,0,0,0,0,0,0,0,0,0,0
"KI2017","site20","Q6.1.jpg",0,0,0,0,0,0,0,0,0,0,0
"KI2017","site20","Q6.jpg",0,0,0,0,0,0,0,0,0,0,0
"KI2017","site20","Q8.6.jpg",0,0,0,0,0,0,0,0,0,0,0
"KI2017","site20","Q9.7.jpg",0,0,0,0,0,0,0,0,0,0,0
"KI2017","site20","Q9.9.jpg",0,0,0,0,0,0,0,0,0,0,1
"KI2017","site23","Q0.2.jpg",0,0,0,0,0,0,0,0,0,0,0
"KI2017","site23","Q10.7.jpg",0,0,0,0,0,0,0,0,0,0,0
"KI2017","site23","Q1.2.jpg",0,0,0,0,0,0,0,0,0,0,0
"KI2017","site23","Q16.2.jpg",0,0,0,0,0,0,0,0,0,0,1
"KI2017","site23","Q16.7.jpg",0,0,0,0,0,0,0,0,0,0,0
"KI2017","site23","Q19.3.jpg",0,0,0,0,0,0,0,0,0,0,0
"KI2017","site23","Q20.9.jpg",0,0,0,0,0,0,0,0,0,0,2
"KI2017","site23","Q21.3.jpg",0,0,0,0,0,0,0,0,0,0,0
"KI2017","site23","Q24.4.jpg",0,0,0,0,0,0,0,0,0,0,0
"KI2017","site23","Q3.3.jpg",0,0,0,0,0,0,0,0,0,0,0
"KI2017","site23","Q35.2.jpg",0,0,0,0,0,0,0,0,0,0,0
"KI2017","site23","Q37.0.jpg",0,0,0,0,0,0,0,0,0,0,0
"KI2017","site23","Q37.6.jpg",0,0,0,0,0,0,0,0,0,0,0
"KI2017","site23","Q38.0.jpg",0,0,0,0,0,0,0,0,0,0,0
"KI2017","site23","Q39.5.jpg",0,0,0,0,0,0,0,0,0,0,0
"KI2017","site23","Q43.2.jpg",0,0,0,0,0,0,0,0,0,0,0
"KI2017","site23","Q44.2.jpg",0,0,0,0,0,0,0,0,0,0,0
"KI2017","site23","Q47.9.jpg",0,0,0,0,0,0,0,0,0,0,2
"KI2017","site23","Q49.0.jpg",0,0,0,0,0,0,0,0,0,0,0
"KI2017","site23","Q50.8.jpg",0,0,0,0,0,0,0,0,0,0,0
"KI2017","site23","Q54.0.jpg",0,0,0,0,0,0,0,0,0,0,0
"KI2017","site23","Q56.6.jpg",0,0,0,0,0,0,0,0,0,0,0
"KI2017","site23","Q57.0.jpg",0,0,0,0,0,0,0,0,0,0,0
"KI2017","site23","Q58.3.jpg",0,0,0,0,0,0,0,0,0,0,0
"KI2017","site23","Q6.0.jpg",0,0,0,0,0,0,0,0,0,0,0
"KI2017","site23","Q6.1.jpg",0,0,0,0,0,0,0,0,0,0,0
"KI2017","site23","Q8.6.jpg",0,0,0,0,0,0,0,0,0,0,0
"KI2017","site23","Q9.7.jpg",0,0,0,0,0,0,0,0,0,0,0
"KI2017","site23","Q9.9.jpg",0,0,0,0,0,0,0,0,0,0,0
"KI2017","site25","Q0.2.jpg",0,0,0,0,0,0,0,0,0,1,0
"KI2017","site25","Q1.2.jpg",0,0,0,0,0,0,0,0,0,2,0
"KI2017","site25","Q35.2.jpg",0,0,0,0,0,0,0,0,0,0,0
"KI2017","site25","Q37.6.jpg",0,0,0,0,0,0,0,0,0,0,0
"KI2017","site25","Q37.jpg",0,0,0,0,0,0,0,0,0,0,0
"KI2017","site25","Q38.jpg",0,0,0,0,0,0,0,0,0,0,0
"KI2017","site25","Q39.5.jpg",0,0,0,0,0,0,0,0,0,0,0
"KI2017","site25","Q43.2.jpg",0,0,0,0,0,0,0,0,0,1,0
"KI2017","site25","Q44.2.jpg",0,0,0,0,0,0,0,0,0,0,0
"KI2017","site25","Q47.9.jpg",0,0,0,0,0,0,0,0,0,0,1
"KI2017","site25","Q49.jpg",0,0,0,0,0,0,0,0,0,0,0
"KI2017","site25","Q50.8.jpg",0,0,0,0,0,0,0,0,0,0,0
"KI2017","site25","Q54.jpg",0,0,0,0,0,0,0,0,0,0,0
"KI2017","site25","Q56.6.jpg",0,0,0,0,0,0,0,0,0,0,0
"KI2017","site25","Q57.jpg",0,0,0,0,0,0,0,0,0,0,1
"KI2017","site25","Q58.3.jpg",0,0,0,0,0,0,0,0,0,1,0
"KI2017","site25","Q58.6.jpg",0,0,0,0,0,0,0,0,0,0,1
"KI2017","site26","Q0.2.jpg",0,0,0,0,0,0,0,0,0,0,0
"KI2017","site26","Q11.1.jpg",0,0,0,0,0,0,0,0,0,0,0
"KI2017","site26","Q1.2.jpg",0,0,0,0,0,0,0,0,0,0,0
"KI2017","site26","Q16.2.jpg",0,0,0,0,0,0,0,0,0,0,0
"KI2017","site26","Q16.7.jpg",0,0,0,0,0,0,0,0,0,0,0
"KI2017","site26","Q19.3.jpg",0,0,0,0,0,0,0,0,0,0,0
"KI2017","site26","Q20.9.jpg",0,0,0,0,0,0,0,0,0,0,0
"KI2017","site26","Q21.8.jpg",0,0,0,0,0,0,0,0,0,0,0
"KI2017","site26","Q24.4.jpg",0,0,0,0,0,0,0,0,0,0,0
"KI2017","site26","Q3.3.jpg",0,0,0,0,0,0,0,0,0,0,0
"KI2017","site26","Q35.2.jpg",0,0,0,0,0,0,0,0,0,0,0
"KI2017","site26","Q37.6.jpg",0,0,0,0,0,0,0,0,0,0,0
"KI2017","site26","Q37.jpg",0,0,0,0,0,0,0,0,0,0,0
"KI2017","site26","Q38.2.jpg",0,0,0,0,0,0,0,0,0,0,0
"KI2017","site26","Q39.5.jpg",0,0,0,0,0,0,0,0,0,0,1
"KI2017","site26","Q43.2.jpg",0,0,0,0,0,0,0,0,0,1,0
"KI2017","site26","Q44.2.jpg",0,0,0,0,0,0,0,0,0,0,0
"KI2017","site26","Q47.9.jpg",0,0,0,0,0,0,0,0,0,0,0
"KI2017","site26","Q49.jpg",0,0,0,0,0,0,0,0,0,0,0
"KI2017","site26","Q50.8.jpg",0,0,0,0,0,0,0,0,0,0,0
"KI2017","site26","Q54.jpg",0,0,0,0,0,0,0,0,0,0,0
"KI2017","site26","Q56.6.jpg",0,0,0,0,0,0,0,0,0,0,0
"KI2017","site26","Q57.jpg",0,0,0,0,0,0,0,0,0,0,0
"KI2017","site26","Q58.3.jpg",0,0,0,0,0,0,0,0,0,0,0
"KI2017","site26","Q58.6.jpg",0,0,0,0,0,0,0,0,0,1,0
"KI2017","site26","Q6.1.jpg",0,0,0,0,0,0,0,0,0,1,0
"KI2017","site26","Q6.jpg",0,0,0,0,0,0,0,0,0,0,1
"KI2017","site26","Q8.6.jpg",0,0,0,0,0,0,0,0,0,0,0
"KI2017","site26","Q9.7.jpg",0,0,0,0,0,0,0,0,0,0,0
"KI2017","site26","Q9.9.jpg",0,0,0,0,0,0,0,0,0,0,0
"KI2017","site27","Q0.2.2.jpg",0,0,0,0,0,0,0,0,0,0,0
"KI2017","site27","Q10.7.jpg",0,0,0,0,0,0,0,0,0,0,0
"KI2017","site27","Q12.9.jpg",0,0,0,0,0,0,0,0,0,0,0
"KI2017","site27","Q1.2.jpg",0,0,0,0,0,0,0,0,0,1,0
"KI2017","site27","Q14.0.jpg",0,0,0,0,0,0,0,0,0,0,0
"KI2017","site27","Q15.8.jpg",0,0,0,0,0,0,0,0,0,0,0
"KI2017","site27","Q16.2.jpg",0,0,0,0,0,0,0,0,0,0,0
"KI2017","site27","Q16.7.jpg",0,0,0,0,0,0,0,0,0,0,0
"KI2017","site27","Q19.0.jpg",0,0,0,0,0,0,0,0,0,0,0
"KI2017","site27","Q19.3.jpg",0,0,0,0,0,0,0,0,0,0,0
"KI2017","site27","Q20.9.jpg",0,0,0,0,0,0,0,0,0,0,0
"KI2017","site27","Q2.0.jpg",0,0,0,0,0,0,0,0,0,0,0
"KI2017","site27","Q21.3.jpg",0,0,0,0,0,0,0,0,0,0,0
"KI2017","site27","Q21.6.jpg",0,0,0,0,0,0,0,0,0,0,0
"KI2017","site27","Q22.0.jpg",0,0,0,0,0,0,0,0,0,0,0
"KI2017","site27","Q23.3.jpg",0,0,0,0,0,0,0,0,0,0,0
"KI2017","site27","Q23.6.jpg",0,0,0,0,0,0,0,0,0,0,0
"KI2017","site27","Q24.4.jpg",0,0,0,0,0,0,0,0,0,0,0
"KI2017","site27","Q2.6.jpg",0,0,0,0,0,0,0,0,0,0,0
"KI2017","site27","Q3.0.jpg",0,0,0,0,0,0,0,0,0,0,0
"KI2017","site27","Q3.3.jpg",0,0,0,0,0,0,0,0,0,0,0
"KI2017","site27","Q4.5.jpg",0,0,0,0,0,0,0,0,0,0,0
"KI2017","site27","Q6.0.jpg",0,0,0,0,0,0,0,0,0,0,0
"KI2017","site27","Q6.1.jpg",0,0,0,0,0,0,0,0,0,1,0
"KI2017","site27","Q8.2.jpg",0,0,0,0,0,0,0,0,0,0,0
"KI2017","site27","Q8.6.jpg",0,0,0,0,0,0,0,0,0,0,0
"KI2017","site27","Q9.2.jpg",0,0,0,0,0,0,0,0,0,0,0
"KI2017","site27","Q9.7.jpg",0,0,0,0,0,0,0,0,0,0,0
"KI2017","site27","Q9.9.jpg",0,0,0,0,0,0,0,0,0,0,0
"KI2017","site30","Q0.2.jpg",0,0,0,0,0,0,0,0,0,0,0
"KI2017","site30","Q10.7.jpg",0,0,0,0,0,0,0,0,0,1,0
"KI2017","site30","Q1.2.jpg",0,0,0,0,0,0,0,0,0,0,0
"KI2017","site30","Q16.2.jpg",0,0,0,0,0,0,0,0,0,0,0
"KI2017","site30","Q16.7.jpg",0,0,0,0,0,0,0,0,0,1,0
"KI2017","site30","Q19.3.jpg",0,0,0,0,0,0,0,0,0,0,0
"KI2017","site30","Q20.3.jpg",0,0,0,0,0,0,0,0,0,0,2
"KI2017","site30","Q20.9.jpg",0,0,0,0,0,0,0,0,0,0,0
"KI2017","site30","Q24.4.jpg",0,0,0,0,0,0,0,0,0,0,0
"KI2017","site30","Q3.3.jpg",0,0,0,0,0,0,0,0,0,0,0
"KI2017","site30","Q35.2.jpg",0,0,0,0,0,0,0,0,0,0,0
"KI2017","site30","Q37.0.jpg",0,0,0,0,0,0,0,0,0,0,0
"KI2017","site30","Q37.6.jpg",0,0,0,0,0,0,0,0,0,0,0
"KI2017","site30","Q38.0.jpg",0,0,0,0,0,0,0,0,0,0,0
"KI2017","site30","Q39.5.jpg",0,0,0,0,0,0,0,0,0,0,0
"KI2017","site30","Q43.2.jpg",0,0,0,0,0,0,0,0,0,0,0
"KI2017","site30","Q44.2.jpg",0,0,0,0,0,0,0,0,0,1,0
"KI2017","site30","Q47.9.jpg",0,0,0,0,0,0,0,0,0,0,0
"KI2017","site30","Q49.0.jpg",0,0,0,0,0,0,0,0,0,1,0
"KI2017","site30","Q50.8.jpg",0,0,0,0,0,0,0,0,0,0,0
"KI2017","site30","Q54.0.jpg",0,0,0,0,0,0,0,0,0,1,2
"KI2017","site30","Q56.6.jpg",0,0,0,0,0,0,0,0,0,0,1
"KI2017","site30","Q57.0.jpg",0,0,0,0,0,0,0,0,0,0,0
"KI2017","site30","Q58.3.jpg",0,0,0,0,0,0,0,0,0,0,0
"KI2017","site30","Q58.6.jpg",0,0,0,0,0,0,0,0,0,0,0
"KI2017","site30","Q6.0.jpg",0,0,0,0,0,0,0,0,0,0,0
"KI2017","site30","Q6.1.jpg",0,0,0,0,0,0,0,0,0,0,0
"KI2017","site30","Q8.6.jpg",0,0,0,0,0,0,0,0,0,0,0
"KI2017","site30","Q9.7.jpg",0,0,0,0,0,0,0,0,0,0,0
"KI2017","site30","Q9.9.jpg",0,0,0,0,0,0,0,0,0,0,0
"KI2017","site31","Q10.7.jpg",0,0,0,0,0,0,0,0,0,0,0
"KI2017","site31","Q1.2.jpg",0,0,0,0,0,0,0,0,0,0,0
"KI2017","site31","Q16.2.jpg",0,0,0,0,0,0,0,0,0,0,0
"KI2017","site31","Q16.7.jpg",0,0,0,0,0,0,0,0,0,0,0
"KI2017","site31","Q19.3.jpg",0,0,0,0,0,0,0,0,0,0,0
"KI2017","site31","Q20.9.jpg",0,0,0,0,0,0,0,0,0,0,0
"KI2017","site31","Q21.3.jpg",0,0,0,0,0,0,0,0,0,0,0
"KI2017","site31","Q24.4.jpg",0,0,0,0,0,0,0,0,0,0,0
"KI2017","site31","Q3.3.jpg",0,0,0,0,0,0,0,0,0,1,0
"KI2017","site31","Q35.2.jpg",0,0,0,0,0,0,0,0,0,0,0
"KI2017","site31","Q37.6.jpg",0,0,0,0,0,0,0,0,0,0,0
"KI2017","site31","Q37.jpg",0,0,0,0,0,0,0,0,0,0,0
"KI2017","site31","Q38.5.jpg",0,0,0,0,0,0,0,0,0,0,0
"KI2017","site31","Q41.5.jpg",0,0,0,0,0,0,0,0,0,0,0
"KI2017","site31","Q43.jpg",0,0,0,0,0,0,0,0,0,2,0
"KI2017","site31","Q6.1.jpg",0,0,0,0,0,0,0,0,0,0,0
"KI2017","site31","Q6.jpg",0,0,0,0,0,0,0,0,0,0,0
"KI2017","site31","Q8.7.jpg",0,0,0,0,0,0,0,0,0,0,0
"KI2017","site31","Q9.7.1.jpg",0,0,0,0,0,0,0,0,0,0,0
"KI2017","site31","Q9.7..jpg",0,0,0,0,0,0,0,0,0,0,0
"KI2017","site32","Q0.2.jpg",0,0,0,0,0,0,0,0,0,1,0
"KI2017","site32","Q10.7.jpg",0,0,0,0,0,0,0,0,0,0,0
"KI2017","site32","Q1.2.jpg",0,0,0,0,0,0,0,0,0,0,0
"KI2017","site32","Q16.2.jpg",0,0,0,0,0,0,0,0,0,0,1
"KI2017","site32","Q16.7.jpg",0,0,0,0,0,0,0,0,0,0,0
"KI2017","site32","Q19.3.jpg",0,0,0,0,0,0,0,0,0,0,0
"KI2017","site32","Q20.9.jpg",0,0,0,0,0,0,0,0,0,0,0
"KI2017","site32","Q21.3.jpg",0,0,0,0,0,0,0,0,0,0,0
"KI2017","site32","Q24.4.jpg",0,0,0,0,0,0,0,0,0,0,0
"KI2017","site32","Q3.3.jpg",0,0,0,0,0,0,0,0,0,1,0
"KI2017","site32","Q35.2.jpg",0,0,0,0,0,0,0,0,0,0,0
"KI2017","site32","Q37.0.jpg",0,0,0,0,0,0,0,0,0,0,0
"KI2017","site32","Q37.6.jpg",0,0,0,0,0,0,0,0,0,0,0
"KI2017","site32","Q38.0.jpg",0,0,0,0,0,0,0,0,0,0,0
"KI2017","site32","Q39.5.jpg",0,0,0,0,0,0,0,0,0,0,0
"KI2017","site32","Q43.2.jpg",0,0,0,0,0,0,0,0,0,0,0
"KI2017","site32","Q44.2.jpg",0,0,0,0,0,0,0,0,0,0,0
"KI2017","site32","Q47.9.jpg",0,0,0,0,0,0,0,0,0,0,0
"KI2017","site32","Q49.0.jpg",0,0,0,0,0,0,0,0,0,0,2
"KI2017","site32","Q50.8.jpg",0,0,0,0,0,0,0,0,0,0,0
"KI2017","site32","Q54.0.jpg",0,0,0,0,0,0,0,0,0,0,0
"KI2017","site32","Q56.6.jpg",0,0,0,0,0,0,0,0,0,0,0
"KI2017","site32","Q57.0.jpg",0,0,0,0,0,0,0,0,0,0,0
"KI2017","site32","Q58.3.jpg",0,0,0,0,0,0,0,0,0,0,0
"KI2017","site32","Q58.6.jpg",0,0,0,0,0,0,0,0,0,0,0
"KI2017","site32","Q6.0.jpg",0,0,0,0,0,0,0,0,0,0,0
"KI2017","site32","Q6.1.jpg",0,0,0,0,0,0,0,0,0,0,0
"KI2017","site32","Q8.6.jpg",0,0,0,0,0,0,0,0,0,0,0
"KI2017","site32","Q9.7.jpg",0,0,0,0,0,0,0,0,0,0,0
"KI2017","site32","Q9.9.jpg",0,0,0,0,0,0,0,0,0,0,0
"KI2017","site33","Q0.2.jpg",0,0,0,0,0,0,0,0,0,0,0
"KI2017","site33","Q10.7.jpg",0,0,0,0,0,0,0,0,0,0,0
"KI2017","site33","Q1.2.jpg",0,0,0,0,0,0,0,0,0,0,0
"KI2017","site33","Q16.2.jpg",0,0,0,0,0,0,0,0,0,0,0
"KI2017","site33","Q16.7.jpg",0,0,0,0,0,0,0,0,0,0,0
"KI2017","site33","Q16.8.jpg",0,0,0,0,0,0,0,0,0,0,0
"KI2017","site33","Q19.3.jpg",0,0,0,0,0,0,0,0,0,0,0
"KI2017","site33","Q20.9.jpg",0,0,0,0,0,0,0,0,0,0,0
"KI2017","site33","Q21.3.jpg",0,0,0,0,0,0,0,0,0,0,0
"KI2017","site33","Q24.4.jpg",0,0,0,0,0,0,0,0,0,0,1
"KI2017","site33","Q3.3.jpg",0,0,0,0,0,0,0,0,0,2,0
"KI2017","site33","Q35.2.jpg",0,0,0,0,0,0,0,0,0,0,0
"KI2017","site33","Q37.6.jpg",0,0,0,0,0,0,0,0,0,0,0
"KI2017","site33","Q37.jpg",0,0,0,0,0,0,0,0,0,0,0
"KI2017","site33","Q38.jpg",0,0,0,0,0,0,0,0,0,0,0
"KI2017","site33","Q39.5.jpg",0,0,0,0,0,0,0,0,0,0,0
"KI2017","site33","Q43.2.jpg",0,0,0,0,0,0,0,0,0,0,0
"KI2017","site33","Q44.2.jpg",0,0,0,0,0,0,0,0,0,0,0
"KI2017","site33","Q47.9.jpg",0,0,0,0,0,0,0,0,0,0,0
"KI2017","site33","Q49.jpg",0,0,0,0,0,0,0,0,0,0,0
"KI2017","site33","Q50.8.jpg",0,0,0,0,0,0,0,0,0,0,0
"KI2017","site33","Q54.jpg",0,0,0,0,0,0,0,0,0,0,0
"KI2017","site33","Q56.6.jpg",0,0,0,0,0,0,0,0,0,0,0
"KI2017","site33","Q57.jpg",0,0,0,0,0,0,0,0,0,0,0
"KI2017","site33","Q58.3.jpg",0,0,0,0,0,0,0,0,0,0,0
"KI2017","site33","Q58.6.jpg",0,0,0,0,0,0,0,0,0,0,0
"KI2017","site33","Q6.1.jpg",0,0,0,0,0,0,0,0,0,0,0
"KI2017","site33","Q6.jpg",0,0,0,0,0,0,0,0,0,0,0
"KI2017","site33","Q8.6.jpg",0,0,0,0,0,0,0,0,0,1,0
"KI2017","site33","Q9.7.jpg",0,0,0,0,0,0,0,0,0,1,0
"KI2017","site33","Q9.9.jpg",0,0,0,0,0,0,0,0,0,0,0
"KI2017","site34","Q0.2.jpg",0,0,0,0,0,0,0,0,0,0,0
"KI2017","site34","Q10.7.jpg",0,0,0,0,0,0,0,0,0,0,0
"KI2017","site34","Q1.2.jpg",0,0,0,0,0,0,0,0,0,1,0
"KI2017","site34","Q16.2.jpg",0,0,0,0,0,0,0,0,0,1,0
"KI2017","site34","Q16.7.jpg",0,0,0,0,0,0,0,0,0,3,0
"KI2017","site34","Q19.3.jpg",0,0,0,0,0,0,0,0,0,3,0
"KI2017","site34","Q20.9.jpg",0,0,0,0,0,0,0,0,0,1,1
"KI2017","site34","Q21.3.jpg",0,0,0,0,0,0,0,0,0,0,0
"KI2017","site34","Q24.4.jpg",0,0,0,0,0,0,0,0,0,1,0
"KI2017","site34","Q35.2.jpg",0,0,0,0,0,0,0,0,0,2,0
"KI2017","site34","Q37.0.jpg",0,0,0,0,0,0,0,0,0,0,0
"KI2017","site34","Q37.6.jpg",0,0,0,0,0,0,0,0,0,0,0
"KI2017","site34","Q38.0.jpg",0,0,0,0,0,0,0,0,0,0,0
"KI2017","site34","Q39.5.jpg",0,0,0,0,0,0,0,0,0,0,0
"KI2017","site34","Q43.2.jpg",0,0,0,0,0,0,0,0,0,0,0
"KI2017","site34","Q44.2.jpg",0,0,0,0,0,0,0,0,0,0,0
"KI2017","site34","Q47.9.jpg",0,0,0,0,0,0,0,0,0,1,0
"KI2017","site34","Q49.0.jpg",0,0,0,0,0,0,0,0,0,0,0
"KI2017","site34","Q50.8.jpg",0,0,0,0,0,0,0,0,0,1,0
"KI2017","site34","Q54.0.jpg",0,0,0,0,0,0,0,0,0,2,0
"KI2017","site34","Q56.6.jpg",0,0,0,0,0,0,0,0,0,1,0
"KI2017","site34","Q57.0.jpg",0,0,0,0,0,0,0,0,0,0,0
"KI2017","site34","Q58.3.jpg",0,0,0,0,0,0,0,0,0,2,0
"KI2017","site34","Q58.6.jpg",0,0,0,0,0,0,0,0,0,0,0
"KI2017","site34","Q6.0.jpg",0,0,0,0,0,0,0,0,0,2,0
"KI2017","site34","Q6.1.jpg",0,0,0,0,0,0,0,0,0,3,0
"KI2017","site34","Q8.6.jpg",0,0,0,0,0,0,0,0,0,2,0
"KI2017","site34","Q9.7.jpg",0,0,0,0,0,0,0,0,0,3,0
"KI2017","site34","Q9.9.jpg",0,0,0,0,0,0,0,0,0,0,0
"KI2017","site35","Q0.2.jpg",0,0,0,0,0,0,0,0,0,0,1
"KI2017","site35","Q10.7.jpg",0,0,0,0,0,0,0,0,0,0,2
"KI2017","site35","Q1.2.jpg",0,0,0,0,0,0,0,0,0,0,0
"KI2017","site35","Q16.2.jpg",0,0,0,0,0,0,0,0,0,0,0
"KI2017","site35","Q16.7.jpg",0,0,0,0,0,0,0,0,0,0,4
"KI2017","site35","Q19.3.jpg",0,0,0,0,0,0,0,0,0,2,0
"KI2017","site35","Q20.9.jpg",0,0,0,0,0,0,0,0,0,3,2
"KI2017","site35","Q21.3.jpg",0,0,0,0,0,0,0,0,0,1,0
"KI2017","site35","Q3.3.jpg",0,0,0,0,0,0,0,0,0,1,0
"KI2017","site35","Q35.2.jpg",0,0,0,0,0,0,0,0,0,1,1
"KI2017","site35","Q37.0.jpg",0,0,0,0,0,0,0,0,0,1,0
"KI2017","site35","Q37.6.jpg",0,0,0,0,0,0,0,0,0,1,1
"KI2017","site35","Q38.0.jpg",0,0,0,0,0,0,0,0,0,1,0
"KI2017","site35","Q39.5.jpg",0,0,0,0,0,0,0,0,0,2,0
"KI2017","site35","Q43.2.jpg",0,0,0,0,0,0,0,0,0,7,1
"KI2017","site35","Q44.2.jpg",0,0,0,0,0,0,0,0,0,1,1
"KI2017","site35","Q47.9.jpg",0,0,0,0,0,0,0,0,0,1,1
"KI2017","site35","Q49.0.jpg",0,0,0,0,0,0,0,0,0,1,0
"KI2017","site35","Q50.8.jpg",0,0,0,0,0,0,0,0,0,0,4
"KI2017","site35","Q54.0.jpg",0,0,0,0,0,0,0,0,0,1,0
"KI2017","site35","Q56.6.jpg",0,0,0,0,0,0,0,0,0,0,2
"KI2017","site35","Q57.0.jpg",0,0,0,0,0,0,0,0,0,2,0
"KI2017","site35","Q58.3.jpg",0,0,0,0,0,0,0,0,0,0,0
"KI2017","site35","Q58.6.jpg",0,0,0,0,0,0,0,0,0,4,0
"KI2017","site35","Q6.0.jpg",0,0,0,0,0,0,0,0,0,1,0
"KI2017","site35","Q6.1.jpg",0,0,0,0,0,0,0,0,0,0,0
"KI2017","site35","Q8.6.jpg",0,0,0,0,0,0,0,0,0,1,0
"KI2017","site35","Q9.7.jpg",0,0,0,0,0,0,0,0,0,0,0
"KI2017","site35","Q9.9.jpg",0,0,0,0,0,0,0,0,0,0,2
"KI2017","site36","Q0.2.jpg",0,0,0,0,0,0,0,0,0,0,0
"KI2017","site36","Q10.8.jpg",0,0,0,0,0,0,0,0,0,0,0
"KI2017","site36","Q1.2.jpg",0,0,0,0,0,0,0,0,0,0,0
"KI2017","site36","Q16.2.jpg",0,0,0,0,0,0,0,0,0,0,0
"KI2017","site36","Q16.7.jpg",0,0,0,0,0,0,0,0,0,0,0
"KI2017","site36","Q19.3.jpg",0,0,0,0,0,0,0,0,0,0,2
"KI2017","site36","Q20.9.jpg",0,0,0,0,0,0,0,0,0,0,1
"KI2017","site36","Q21.3.jpg",0,0,0,0,0,0,0,0,0,0,0
"KI2017","site36","Q24.4.jpg",0,0,0,0,0,0,0,0,0,0,0
"KI2017","site36","Q3.3.jpg",0,0,0,0,0,0,0,0,0,0,0
"KI2017","site36","Q35.2.jpg",0,0,0,0,0,0,0,0,0,1,0
"KI2017","site36","Q37.jpg",0,0,0,0,0,0,0,0,0,0,1
"KI2017","site36","Q43.2.jpg",0,0,0,0,0,0,0,0,0,0,0
"KI2017","site36","Q44.2.jpg",0,0,0,0,0,0,0,0,0,0,0
"KI2017","site36","Q47.9.jpg",0,0,0,0,0,0,0,0,0,0,0
"KI2017","site36","Q49.jpg",0,0,0,0,0,0,0,0,0,0,0
"KI2017","site36","Q50.8.jpg",0,0,0,0,0,0,0,0,0,0,0
"KI2017","site36","Q54.jpg",0,0,0,0,0,0,0,0,0,0,0
"KI2017","site36","Q56.6.jpg",0,0,0,0,0,0,0,0,0,1,1
"KI2017","site36","Q57.jpg",0,0,0,0,0,0,0,0,0,0,0
"KI2017","site36","Q58.3.jpg",0,0,0,0,0,0,0,0,0,0,0
"KI2017","site36","Q58.6.jpg",0,0,0,0,0,0,0,0,0,0,0
"KI2017","site36","Q6.1.jpg",0,0,0,0,0,0,0,0,0,0,0
"KI2017","site36","Q6.jpg",0,0,0,0,0,0,0,0,0,0,0
"KI2017","site36","Q8.6.jpg",0,0,0,0,0,0,0,0,0,0,0
"KI2017","site36","Q9.7.jpg",0,0,0,0,0,0,0,0,0,0,1
"KI2017","site36","Q9.9.jpg",0,0,0,0,0,0,0,0,0,0,0
"KI2017","site37","Q0.2.jpg",0,0,0,0,0,0,0,0,0,3,0
"KI2017","site37","Q10.7.jpg",0,0,0,0,0,0,0,0,0,0,0
"KI2017","site37","Q1.2.jpg",0,0,0,0,0,0,0,0,0,0,1
"KI2017","site37","Q16.2.jpg",0,0,0,0,0,0,0,0,0,0,0
"KI2017","site37","Q16.7.jpg",0,0,0,0,0,0,0,0,0,0,0
"KI2017","site37","Q19.7.jpg",0,0,0,0,0,0,0,0,0,0,0
"KI2017","site37","Q20.9.jpg",0,0,0,0,0,0,0,0,0,0,0
"KI2017","site37","Q21.3.jpg",0,0,0,0,0,0,0,0,0,0,0
"KI2017","site37","Q24.4.jpg",0,0,0,0,0,0,0,0,0,2,4
"KI2017","site37","Q3.3.jpg",0,0,0,0,0,0,0,0,0,0,0
"KI2017","site37","Q35.2.jpg",0,0,0,0,0,0,0,0,0,0,0
"KI2017","site37","Q37.6.jpg",0,0,0,0,0,0,0,0,0,2,2
"KI2017","site37","Q37.jpg",0,0,0,0,0,0,0,0,0,0,0
"KI2017","site37","Q38.jpg",0,0,0,0,0,0,0,0,0,0,0
"KI2017","site37","Q39.5.jpg",0,0,0,0,0,0,0,0,0,0,1
"KI2017","site37","Q43.2.jpg",0,0,0,0,0,0,0,0,0,1,1
"KI2017","site37","Q44.2.jpg",0,0,0,0,0,0,0,0,0,0,0
"KI2017","site37","Q47.9.jpg",0,0,0,0,0,0,0,0,0,0,0
"KI2017","site37","Q49.jpg",0,0,0,0,0,0,0,0,0,0,1
"KI2017","site37","Q50.8.jpg",0,0,0,0,0,0,0,0,0,0,4
"KI2017","site37","Q54.jpg",0,0,0,0,0,0,0,0,0,1,1
"KI2017","site37","Q56.6.jpg",0,0,0,0,0,0,0,0,0,0,1
"KI2017","site37","Q57.jpg",0,0,0,0,0,0,0,0,0,0,0
"KI2017","site37","Q58.3.jpg",0,0,0,0,0,0,0,0,0,0,0
"KI2017","site37","Q58.6.jpg",0,0,0,0,0,0,0,0,0,0,0
"KI2017","site37","Q6.1.jpg",0,0,0,0,0,0,0,0,0,0,6
"KI2017","site37","Q6.jpg",0,0,0,0,0,0,0,0,0,0,5
"KI2017","site37","Q8.6.jpg",0,0,0,0,0,0,0,0,0,0,1
"KI2017","site37","Q9.7.jpg",0,0,0,0,0,0,0,0,0,0,0
"KI2017","site37","Q9.9.jpg",0,0,0,0,0,0,0,0,0,0,5
"KI2017","site3","Q0.2.jpg",0,0,0,0,0,0,0,0,0,1,0
"KI2017","site3","Q10.7.jpg",0,0,0,0,0,0,0,0,0,0,0
"KI2017","site3","Q1.2.jpg",0,0,0,0,0,0,0,0,0,0,0
"KI2017","site3","Q16.2.jpg",0,0,0,0,0,0,0,0,0,1,1
"KI2017","site3","Q16.7.jpg",0,0,0,0,0,0,0,0,0,0,0
"KI2017","site3","Q19.3.jpg",0,0,0,0,0,0,0,0,0,0,1
"KI2017","site3","Q20.9.jpg",0,0,0,0,0,0,0,0,0,1,1
"KI2017","site3","Q21.3.jpg",0,0,0,0,0,0,0,0,0,0,0
"KI2017","site3","Q24.4.jpg",0,0,0,0,0,0,0,0,0,2,0
"KI2017","site3","Q3.3.jpg",0,0,0,0,0,0,0,0,0,1,0
"KI2017","site3","Q35.2.jpg",0,0,0,0,0,0,0,0,0,0,0
"KI2017","site3","Q37.0.jpg",0,0,0,0,0,0,0,0,0,0,0
"KI2017","site3","Q37.6.jpg",0,0,0,0,0,0,0,0,0,0,0
"KI2017","site3","Q38.0.jpg",0,0,0,0,0,0,0,0,0,0,0
"KI2017","site3","Q39.5.jpg",0,0,0,0,0,0,0,0,0,1,0
"KI2017","site3","Q43.5.jpg",0,0,0,0,0,0,0,0,0,0,0
"KI2017","site3","Q44.2.jpg",0,0,0,0,0,0,0,0,0,1,0
"KI2017","site3","Q47.9.jpg",0,0,0,0,0,0,0,0,0,1,2
"KI2017","site3","Q49.0.jpg",0,0,0,0,0,0,0,0,0,0,0
"KI2017","site3","Q50.8.jpg",0,0,0,0,0,0,0,0,0,1,1
"KI2017","site3","Q54.0.jpg",0,0,0,0,0,0,0,0,0,0,0
"KI2017","site3","Q56.6.jpg",0,0,0,0,0,0,0,0,0,0,0
"KI2017","site3","Q57.0.jpg",0,0,0,0,0,0,0,0,0,1,0
"KI2017","site3","Q58.3.jpg",0,0,0,0,0,0,0,0,0,0,0
"KI2017","site3","Q6.0.jpg",0,0,0,0,0,0,0,0,0,0,0
"KI2017","site3","Q6.1.jpg",0,0,0,0,0,0,0,0,0,0,0
"KI2017","site3","Q8.6.jpg",0,0,0,0,0,0,0,0,0,0,0
"KI2017","site3","Q9.7.jpg",0,0,0,0,0,0,0,0,0,0,0
"KI2017","site3","Q9.9.jpg",0,0,0,0,0,0,0,0,0,0,0
"KI2017","site40","Q0.2.jpg",0,0,0,0,0,0,0,0,0,0,0
"KI2017","site40","Q10.7.jpg",0,0,0,0,0,0,0,0,0,3,0
"KI2017","site40","Q1.2.jpg",0,0,0,0,0,0,0,0,0,1,1
"KI2017","site40","Q16.2.jpg",0,0,0,0,0,0,0,0,0,0,1
"KI2017","site40","Q16.7.jpg",0,0,0,0,0,0,0,0,0,0,2
"KI2017","site40","Q19.3.jpg",0,0,0,0,0,0,0,0,0,2,7
"KI2017","site40","Q20.9.jpg",0,0,0,0,0,0,0,0,0,0,0
"KI2017","site40","Q21.3.jpg",0,0,0,0,0,0,0,0,0,0,1
"KI2017","site40","Q24.4.jpg",0,0,0,0,0,0,0,0,0,0,0
"KI2017","site40","Q3.3.jpg",0,0,0,0,0,0,0,0,0,0,0
"KI2017","site40","Q35.2.jpg",0,0,0,0,0,0,0,0,0,0,0
"KI2017","site40","Q37.6.jpg",0,0,0,0,0,0,0,0,0,0,1
"KI2017","site40","Q37.jpg",0,0,0,0,0,0,0,0,0,0,0
"KI2017","site40","Q38.jpg",0,0,0,0,0,0,0,0,0,0,0
"KI2017","site40","Q39.5.jpg",0,0,0,0,0,0,0,0,0,0,0
"KI2017","site40","Q43.2.jpg",0,0,0,0,0,0,0,0,0,0,1
"KI2017","site40","Q44.2.jpg",0,0,0,0,0,0,0,0,0,0,3
"KI2017","site40","Q47.9.jpg",0,0,0,0,0,0,0,0,0,0,1
"KI2017","site40","Q49.jpg",0,0,0,0,0,0,0,0,0,0,1
"KI2017","site40","Q50.8.jpg",0,0,0,0,0,0,0,0,0,0,5
"KI2017","site40","Q54.jpg",0,0,0,0,0,0,0,0,0,0,0
"KI2017","site40","Q56.6.jpg",0,0,0,0,0,0,0,0,0,2,0
"KI2017","site40","Q57.jpg",0,0,0,0,0,0,0,0,0,0,0
"KI2017","site40","Q58.3.jpg",0,0,0,0,0,0,0,0,0,1,1
"KI2017","site40","Q58.6.jpg",0,0,0,0,0,0,0,0,0,0,0
"KI2017","site40","Q6.1.jpg",0,0,0,0,0,0,0,0,0,0,0
"KI2017","site40","Q6.jpg",0,0,0,0,0,0,0,0,0,0,0
"KI2017","site40","Q8.6.jpg",0,0,0,0,0,0,0,0,0,0,0
"KI2017","site40","Q9.7.1.jpg",0,0,0,0,0,0,0,0,0,1,2
"KI2017","site40","Q9.7.2.jpg",0,0,0,0,0,0,0,0,0,0,1
"KI2017","site40","Q9.9.jpg",0,0,0,0,0,0,0,0,0,0,0
"KI2017","site5","Q0.2.jpg",0,0,0,0,0,0,0,0,0,1,2
"KI2017","site5","Q10.7.jpg",0,0,0,0,0,0,0,0,0,3,0
"KI2017","site5","Q1.2.jpg",0,0,0,0,0,0,0,0,0,0,0
"KI2017","site5","Q16.2.jpg",0,0,0,0,0,0,0,0,0,0,0
"KI2017","site5","Q16.7.jpg",0,0,0,0,0,0,0,0,0,1,2
"KI2017","site5","Q19.3.jpg",0,0,0,0,0,0,0,0,0,0,0
"KI2017","site5","Q20.9.jpg",0,0,0,0,0,0,0,0,0,1,1
"KI2017","site5","Q21.3.jpg",0,0,0,0,0,0,0,0,0,0,2
"KI2017","site5","Q24.4.jpg",0,0,0,0,0,0,0,0,0,0,0
"KI2017","site5","Q3.3.jpg",0,0,0,0,0,0,0,0,0,0,1
"KI2017","site5","Q35.2.jpg",0,0,0,0,0,0,0,0,0,0,2
"KI2017","site5","Q37.0.jpg",0,0,0,0,0,0,0,0,0,0,1
"KI2017","site5","Q37.6.jpg",0,0,0,0,0,0,0,0,0,0,1
"KI2017","site5","Q38.0.jpg",0,0,0,0,0,0,0,0,0,0,0
"KI2017","site5","Q39.5.jpg",0,0,0,0,0,0,0,0,0,0,1
"KI2017","site5","Q43.2.jpg",0,0,0,0,0,0,0,0,0,0,0
"KI2017","site5","Q44.2.jpg",0,0,0,0,0,0,0,0,0,0,1
"KI2017","site5","Q47.9.jpg",0,0,0,0,0,0,0,0,0,0,0
"KI2017","site5","Q49.0.jpg",0,0,0,0,0,0,0,0,0,0,0
"KI2017","site5","Q50.8.jpg",0,0,0,0,0,0,0,0,0,0,0
"KI2017","site5","Q54.0.jpg",0,0,0,0,0,0,0,0,0,0,1
"KI2017","site5","Q56.6.jpg",0,0,0,0,0,0,0,0,0,0,0
"KI2017","site5","Q6.0.jpg",0,0,0,0,0,0,0,0,0,0,1
"KI2017","site5","Q6.1.jpg",0,0,0,0,0,0,0,0,0,0,0
"KI2017","site5","Q8.6.jpg",0,0,0,0,0,0,0,0,0,1,1
"KI2017","site5","Q9.7.jpg",0,0,0,0,0,0,0,0,0,1,2
"KI2017","site5","Q9.9.jpg",0,0,0,0,0,0,0,0,0,0,0
"KI2017","site6","Q0.2.jpg",0,0,0,0,0,0,0,0,0,0,0
"KI2017","site6","Q10.7.jpg",0,0,0,0,0,0,0,0,0,0,1
"KI2017","site6","Q1.2.jpg",0,0,0,0,0,0,0,0,0,0,2
"KI2017","site6","Q16.2.jpg",0,0,0,0,0,0,0,0,0,0,0
"KI2017","site6","Q16.7.jpg",0,0,0,0,0,0,0,0,0,0,0
"KI2017","site6","Q19.3.jpg",0,0,0,0,0,0,0,0,0,0,0
"KI2017","site6","Q20.9.jpg",0,0,0,0,0,0,0,0,0,1,1
"KI2017","site6","Q21.3.jpg",0,0,0,0,0,0,0,0,0,0,1
"KI2017","site6","Q24.4.jpg",0,0,0,0,0,0,0,0,0,0,2
"KI2017","site6","Q3.3.jpg",0,0,0,0,0,0,0,0,0,0,0
"KI2017","site6","Q35.2.jpg",0,0,0,0,0,0,0,0,0,0,0
"KI2017","site6","Q37.6.jpg",0,0,0,0,0,0,0,0,0,0,0
"KI2017","site6","Q37.jpg",0,0,0,0,0,0,0,0,0,0,0
"KI2017","site6","Q38.jpg",0,0,0,0,0,0,0,0,0,1,0
"KI2017","site6","Q39.5.jpg",0,0,0,0,0,0,0,0,0,0,1
"KI2017","site6","Q43.2.jpg",0,0,0,0,0,0,0,0,0,0,0
"KI2017","site6","Q44.2.jpg",0,0,0,0,0,0,0,0,0,0,2
"KI2017","site6","Q47.9.jpg",0,0,0,0,0,0,0,0,0,0,0
"KI2017","site6","Q49.jpg",0,0,0,0,0,0,0,0,0,0,0
"KI2017","site6","Q50.8.jpg",0,0,0,0,0,0,0,0,0,0,0
"KI2017","site6","Q54.jpg",0,0,0,0,0,0,0,0,0,0,0
"KI2017","site6","Q56.6.jpg",0,0,0,0,0,0,0,0,0,0,0
"KI2017","site6","Q57.jpg",0,0,0,0,0,0,0,0,0,0,0
"KI2017","site6","Q58.3.jpg",0,0,0,0,0,0,0,0,0,0,0
"KI2017","site6","Q58.6.jpg",0,0,0,0,0,0,0,0,0,0,1
"KI2017","site6","Q6.1.jpg",0,0,0,0,0,0,0,0,0,0,0
"KI2017","site6","Q6.jpg",0,0,0,0,0,0,0,0,0,0,0
"KI2017","site6","Q8.6.jpg",0,0,0,0,0,0,0,0,0,0,0
"KI2017","site6","Q9.7.jpg",0,0,0,0,0,0,0,0,0,0,0
"KI2017","site6","Q9.9.jpg",0,0,0,0,0,0,0,0,0,2,0
"KI2017","site7","Q10.7.jpg",0,0,0,0,0,0,0,0,0,0,0
"KI2017","site7","Q11.9.jpg",0,0,0,0,0,0,0,0,0,1,0
"KI2017","site7","Q1.2.jpg",0,0,0,0,0,0,0,0,0,0,0
"KI2017","site7","Q16.2.jpg",0,0,0,0,0,0,0,0,0,2,0
"KI2017","site7","Q16.7.jpg",0,0,0,0,0,0,0,0,0,0,0
"KI2017","site7","Q19.3.jpg",0,0,0,0,0,0,0,0,0,0,0
"KI2017","site7","Q20.9.jpg",0,0,0,0,0,0,0,0,0,0,0
"KI2017","site7","Q22.3.jpg",0,0,0,0,0,0,0,0,0,0,0
"KI2017","site7","Q24.4.jpg",0,0,0,0,0,0,0,0,0,0,0
"KI2017","site7","Q3.3.jpg",0,0,0,0,0,0,0,0,0,0,0
"KI2017","site7","Q38.jpg",0,0,0,0,0,0,0,0,0,0,0
"KI2017","site7","Q39.5.jpg",0,0,0,0,0,0,0,0,0,1,0
"KI2017","site7","Q43.2.jpg",0,0,0,0,0,0,0,0,0,0,0
"KI2017","site7","Q44.2.jpg",0,0,0,0,0,0,0,0,0,1,1
"KI2017","site7","Q47.9.jpg",0,0,0,0,0,0,0,0,0,1,0
"KI2017","site7","Q49.jpg",0,0,0,0,0,0,0,0,0,0,0
"KI2017","site7","Q50.8.jpg",0,0,0,0,0,0,0,0,0,1,2
"KI2017","site7","Q54.jpg",0,0,0,0,0,0,0,0,0,0,0
"KI2017","site7","Q56.6.jpg",0,0,0,0,0,0,0,0,0,0,0
"KI2017","site7","Q57.jpg",0,0,0,0,0,0,0,0,0,5,1
"KI2017","site7","Q58.3.jpg",0,0,0,0,0,0,0,0,0,1,0
"KI2017","site7","Q58.6.jpg",0,0,0,0,0,0,0,0,0,0,0
"KI2017","site7","Q6.1.jpg",0,0,0,0,0,0,0,0,0,1,3
"KI2017","site7","Q6.jpg",0,0,0,0,0,0,0,0,0,0,0
"KI2017","site7","Q8.6.jpg",0,0,0,0,0,0,0,0,0,1,0
"KI2017","site8","Q0.2.jpg",0,0,0,0,0,0,0,0,0,1,0
"KI2017","site8","Q10.7.jpg",0,0,0,0,0,0,0,0,0,0,0
"KI2017","site8","Q1.2.jpg",0,0,0,0,0,0,0,0,0,0,0
"KI2017","site8","Q16.2.jpg",0,0,0,0,0,0,0,0,0,0,0
"KI2017","site8","Q16.7.jpg",0,0,0,0,0,0,0,0,0,0,0
"KI2017","site8","Q19.3.jpg",0,0,0,0,0,0,0,0,0,0,0
"KI2017","site8","Q20.9.jpg",0,0,0,0,0,0,0,0,0,0,0
"KI2017","site8","Q21.3.jpg",0,0,0,0,0,0,0,0,0,0,2
"KI2017","site8","Q24.4.jpg",0,0,0,0,0,0,0,0,0,0,0
"KI2017","site8","Q3.3.jpg",0,0,0,0,0,0,0,0,0,0,0
"KI2017","site8","Q35.2.jpg",0,0,0,0,0,0,0,0,0,0,0
"KI2017","site8","Q37.0.jpg",0,0,0,0,0,0,0,0,0,0,0
"KI2017","site8","Q37.6.jpg",0,0,0,0,0,0,0,0,0,0,0
"KI2017","site8","Q38.0.jpg",0,0,0,0,0,0,0,0,0,1,0
"KI2017","site8","Q39.5.jpg",0,0,0,0,0,0,0,0,0,2,0
"KI2017","site8","Q43.2.jpg",0,0,0,0,0,0,0,0,0,1,0
"KI2017","site8","Q44.2.jpg",0,0,0,0,0,0,0,0,0,2,0
"KI2017","site8","Q47.9.jpg",0,0,0,0,0,0,0,0,0,0,0
"KI2017","site8","Q49.0.jpg",0,0,0,0,0,0,0,0,0,0,0
"KI2017","site8","Q50.8.jpg",0,0,0,0,0,0,0,0,0,2,0
"KI2017","site8","Q54.0.jpg",0,0,0,0,0,0,0,0,0,0,0
"KI2017","site8","Q56.6.jpg",0,0,0,0,0,0,0,0,0,0,0
"KI2017","site8","Q57.0.jpg",0,0,0,0,0,0,0,0,0,0,0
"KI2017","site8","Q58.3.jpg",0,0,0,0,0,0,0,0,0,0,0
"KI2017","site8","Q58.6.jpg",0,0,0,0,0,0,0,0,0,2,0
"KI2017","site8","Q6.0.jpg",0,0,0,0,0,0,0,0,0,0,0
"KI2017","site8","Q6.1.jpg",0,0,0,0,0,0,0,0,0,1,0
"KI2017","site8","Q8.6.jpg",0,0,0,0,0,0,0,0,0,0,0
"KI2017","site8","Q9.7.jpg",0,0,0,0,0,0,0,0,0,0,0
"KI2017","site8","Q9.9.jpg",0,0,0,0,0,0,0,0,0,0,0
"KI2017","site9","Q0.2.jpg",0,0,0,0,0,0,0,0,0,0,0
"KI2017","site9","Q10.7.jpg",0,0,0,0,0,0,0,0,0,0,0
"KI2017","site9","Q1.2.jpg",0,0,0,0,0,0,0,0,0,0,0
"KI2017","site9","Q16.2.jpg",0,0,0,0,0,0,0,0,0,0,0
"KI2017","site9","Q16.7.jpg",0,0,0,0,0,0,0,0,0,0,1
"KI2017","site9","Q19.3.jpg",0,0,0,0,0,0,0,0,0,0,0
"KI2017","site9","Q20.9.jpg",0,0,0,0,0,0,0,0,0,0,0
"KI2017","site9","Q21.3.jpg",0,0,0,0,0,0,0,0,0,0,0
"KI2017","site9","Q24.4.jpg",0,0,0,0,0,0,0,0,0,0,0
"KI2017","site9","Q3.3.jpg",0,0,0,0,0,0,0,0,0,0,0
"KI2017","site9","Q35.2.jpg",0,0,0,0,0,0,0,0,0,0,0
"KI2017","site9","Q37.5.jpg",0,0,0,0,0,0,0,0,0,0,0
"KI2017","site9","Q37.jpg",0,0,0,0,0,0,0,0,0,0,0
"KI2017","site9","Q38.jpg",0,0,0,0,0,0,0,0,0,0,0
"KI2017","site9","Q39.5.jpg",0,0,0,0,0,0,0,0,0,0,0
"KI2017","site9","Q43.2.jpg",0,0,0,0,0,0,0,0,0,0,0
"KI2017","site9","Q44.2.jpg",0,0,0,0,0,0,0,0,0,0,0
"KI2017","site9","Q47.9.jpg",0,0,0,0,0,0,0,0,0,0,0
"KI2017","site9","Q50.8.jpg",0,0,0,0,0,0,0,0,0,0,0
"KI2017","site9","Q50.jpg",0,0,0,0,0,0,0,0,0,0,0
"KI2017","site9","Q54.jpg",0,0,0,0,0,0,0,0,0,0,0
"KI2017","site9","Q56.6.jpg",0,0,0,0,0,0,0,0,0,0,0
"KI2017","site9","Q57.jpg",0,0,0,0,0,0,0,0,0,0,0
"KI2017","site9","Q58.3.jpg",0,0,0,0,0,0,0,0,0,0,0
"KI2017","site9","Q58.6.jpg",0,0,0,0,0,0,0,0,0,0,0
"KI2017","site9","Q6.1.jpg",0,0,0,0,0,0,0,0,0,0,0
"KI2017","site9","Q6.jpg",0,0,0,0,0,0,0,0,0,0,0
"KI2017","site9","Q8.6.jpg",0,0,0,0,0,0,0,0,0,0,0
"KI2017","site9","Q9.7.jpg",0,0,0,0,0,0,0,0,0,0,0
"KI2017","site9","Q9.9.jpg",0,0,0,0,0,0,0,0,0,0,0
